<walls><size h="100" w="100" x="-500" y="-500"/><WallEn i="1521"/><WallEn i="1522"/><WallEn i="1523"/><WallEn i="1524"/><WallEn i="1525"/><WallEn i="1526"/><WallEn i="1527"/><WallEn i="1528"/><WallEn i="1529"/><WallEn i="1530"/><WallEn i="1621"/><WallEn i="1628"/><WallEn i="1629"/><WallEn i="1630"/><WallEn i="1721"/><TorchEn i="1725"/><WallEn i="1729"/><WallEn i="1730"/><WallEn i="1821"/><WallEn i="1829"/><WallEn i="1921"/><WallEn i="1922"/><WallEn i="1923"/><WallEn i="1924"/><WallEn i="1926"/><WallEn i="1927"/><WallEn i="1928"/><WallEn i="1929"/><WallEn i="2023"/><WallEn i="2024"/><WallEn i="2026"/><WallEn i="2027"/><WallEn i="2123"/><WallEn i="2124"/><WallEn i="2126"/><WallEn i="2223"/><WallEn i="2224"/><WallEn i="2226"/><WallEn i="2323"/><WallEn i="2324"/><WallEn i="2326"/><WallEn i="2423"/><WallEn i="2424"/><WallEn i="2426"/><WallEn i="2523"/><WallEn i="2524"/><WallEn i="2526"/><WallEn i="2533"/><WallEn i="2534"/><WallEn i="2535"/><WallEn i="2623"/><WallEn i="2624"/><WallEn i="2626"/><WallEn i="2633"/><WallEn i="2634"/><WallEn i="2635"/><WallEn i="2723"/><WallEn i="2724"/><WallEn i="2726"/><WallEn i="2732"/><WallEn i="2733"/><WallEn i="2734"/><WallEn i="2735"/><WallEn i="2736"/><WallEn i="2823"/><WallEn i="2824"/><WallEn i="2826"/><WallEn i="2827"/><WallEn i="2832"/><WallEn i="2836"/><WallEn i="2916"/><WallEn i="2917"/><WallEn i="2918"/><WallEn i="2919"/><WallEn i="2920"/><WallEn i="2921"/><WallEn i="2922"/><WallEn i="2923"/><WallEn i="2924"/><WallEn i="2926"/><WallEn i="2927"/><WallEn i="2928"/><WallEn i="2929"/><WallEn i="2930"/><WallEn i="2931"/><WallEn i="2932"/><WallEn i="2936"/><WallEn i="3016"/><DoorEn i="3023" id="0"/><WallEn i="3031"/><WallEn i="3032"/><WallEn i="3036"/><WallEn i="3116"/><TorchEn i="3121"/><TorchEn i="3127"/><TorchEn i="3134"/><WallEn i="3136"/><WallEn i="3137"/><WallEn i="3138"/><WallEn i="3139"/><WallEn i="3140"/><WallEn i="3216"/><SwitchEn i="3234" id="0"/><WallEn i="3240"/><WallEn i="3316"/><WallEn i="3321"/><WallEn i="3322"/><WallEn i="3323"/><WallEn i="3324"/><WallEn i="3325"/><WallEn i="3326"/><WallEn i="3327"/><SpikeEn i="3328"/><SpikeEn i="3329"/><WallEn i="3330"/><WallEn i="3331"/><WallEn i="3332"/><WallEn i="3333"/><WallEn i="3334"/><WallEn i="3335"/><WallEn i="3336"/><WallEn i="3337"/><WallEn i="3340"/><WallEn i="3416"/><WallEn i="3421"/><WallEn i="3422"/><WallEn i="3423"/><WallEn i="3424"/><WallEn i="3425"/><WallEn i="3426"/><WallEn i="3427"/><WallEn i="3428"/><WallEn i="3429"/><WallEn i="3430"/><WallEn i="3431"/><WallEn i="3432"/><WallEn i="3433"/><WallEn i="3434"/><WallEn i="3435"/><WallEn i="3436"/><WallEn i="3437"/><WallEn i="3440"/><WallEn i="3516"/><WallEn i="3533"/><WallEn i="3534"/><WallEn i="3535"/><WallEn i="3536"/><WallEn i="3537"/><WallEn i="3540"/><WallEn i="3616"/><WallEn i="3633"/><WallEn i="3634"/><WallEn i="3635"/><WallEn i="3636"/><WallEn i="3637"/><WallEn i="3640"/><WallEn i="3716"/><DoorEn i="3737" id="1"/><WallEn i="3740"/><WallEn i="3816"/><WallEn i="3817"/><WallEn i="3818"/><WallEn i="3819"/><WallEn i="3820"/><WallEn i="3821"/><WallEn i="3840"/><WallEn i="3916"/><WallEn i="3917"/><WallEn i="3918"/><WallEn i="3919"/><WallEn i="3920"/><WallEn i="3921"/><WallEn i="3922"/><WallEn i="3923"/><SwitchEn i="3933" id="1"/><WallEn i="3940"/><WallEn i="4016"/><WallEn i="4023"/><WallEn i="4024"/><WallEn i="4025"/><WallEn i="4026"/><WallEn i="4027"/><WallEn i="4031"/><WallEn i="4032"/><WallEn i="4033"/><WallEn i="4034"/><WallEn i="4037"/><WallEn i="4038"/><WallEn i="4039"/><WallEn i="4040"/><WallEn i="4116"/><WallEn i="4127"/><SpikeEn i="4128"/><SpikeEn i="4129"/><SpikeEn i="4130"/><WallEn i="4131"/><WallEn i="4132"/><WallEn i="4133"/><WallEn i="4134"/><WallEn i="4137"/><WallEn i="4138"/><WallEn i="4139"/><WallEn i="4140"/><WallEn i="4216"/><WallEn i="4227"/><WallEn i="4228"/><WallEn i="4229"/><WallEn i="4230"/><WallEn i="4231"/><WallEn i="4232"/><WallEn i="4233"/><WallEn i="4234"/><WallEn i="4237"/><WallEn i="4316"/><WallEn i="4337"/><WallEn i="4416"/><WallEn i="4437"/><WallEn i="4516"/><WallEn i="4518"/><WallEn i="4520"/><WallEn i="4523"/><WallEn i="4526"/><WallEn i="4528"/><WallEn i="4537"/><WallEn i="4616"/><WallEn i="4618"/><WallEn i="4620"/><WallEn i="4622"/><WallEn i="4624"/><WallEn i="4626"/><WallEn i="4628"/><WallEn i="4637"/><WallEn i="4638"/><WallEn i="4639"/><WallEn i="4640"/><WallEn i="4641"/><WallEn i="4642"/><WallEn i="4643"/><WallEn i="4716"/><WallEn i="4719"/><WallEn i="4722"/><WallEn i="4724"/><WallEn i="4726"/><WallEn i="4728"/><TorchEn i="4730"/><TorchEn i="4741"/><WallEn i="4742"/><WallEn i="4743"/><WallEn i="4816"/><WallEn i="4819"/><WallEn i="4823"/><WallEn i="4827"/><WallEn i="4842"/><WallEn i="4843"/><WallEn i="4916"/><WallEn i="4917"/><WallEn i="4918"/><WallEn i="4919"/><WallEn i="4920"/><WallEn i="4921"/><WallEn i="4922"/><WallEn i="4923"/><WallEn i="4924"/><WallEn i="4925"/><WallEn i="4926"/><WallEn i="4927"/><WallEn i="4928"/><WallEn i="4929"/><WallEn i="4930"/><WallEn i="4931"/><WallEn i="4932"/><WallEn i="4933"/><WallEn i="4934"/><WallEn i="4935"/><WallEn i="4936"/><WallEn i="4937"/><WallEn i="4938"/><WallEn i="4939"/><WallEn i="4942"/><WallEn i="4943"/><WallEn i="5039"/><SpikeEn i="5040"/><SpikeEn i="5041"/><WallEn i="5042"/><WallEn i="5043"/><WallEn i="5139"/><WallEn i="5140"/><WallEn i="5141"/><WallEn i="5142"/><WallEn i="5143"/></walls>