<walls><size h="300" w="200" x="-2000" y="-400"/><WallEn i="80"/><WallEn i="93"/><WallEn i="243"/><WallEn i="244"/><WallEn i="293"/><WallEn i="444"/><WallEn i="445"/><WallEn i="493"/><WallEn i="645"/><WallEn i="693"/><WallEn i="845"/><WallEn i="893"/><WallEn i="1045"/><WallEn i="1093"/><WallEn i="1245"/><WallEn i="1270"/><WallEn i="1271"/><WallEn i="1272"/><WallEn i="1273"/><WallEn i="1274"/><WallEn i="1275"/><WallEn i="1276"/><WallEn i="1277"/><WallEn i="1293"/><WallEn i="1445"/><WallEn i="1459"/><WallEn i="1460"/><WallEn i="1461"/><WallEn i="1462"/><WallEn i="1463"/><WallEn i="1464"/><WallEn i="1465"/><WallEn i="1466"/><WallEn i="1467"/><WallEn i="1468"/><WallEn i="1469"/><WallEn i="1470"/><WallEn i="1477"/><WallEn i="1492"/><WallEn i="1493"/><WallEn i="1503"/><WallEn i="1504"/><WallEn i="1505"/><WallEn i="1506"/><WallEn i="1645"/><WallEn i="1660"/><WallEn i="1677"/><WallEn i="1678"/><WallEn i="1679"/><WallEn i="1691"/><WallEn i="1692"/><WallEn i="1702"/><WallEn i="1703"/><WallEn i="1845"/><WallEn i="1853"/><WallEn i="1854"/><WallEn i="1855"/><WallEn i="1856"/><WallEn i="1857"/><WallEn i="1858"/><WallEn i="1859"/><WallEn i="1860"/><WallEn i="1879"/><WallEn i="1880"/><WallEn i="1890"/><WallEn i="1891"/><WallEn i="1901"/><WallEn i="1902"/><WallEn i="2045"/><WallEn i="2049"/><WallEn i="2050"/><WallEn i="2051"/><WallEn i="2052"/><WallEn i="2053"/><WallEn i="2080"/><WallEn i="2090"/><WallEn i="2101"/><WallEn i="2245"/><WallEn i="2280"/><WallEn i="2289"/><WallEn i="2301"/><WallEn i="2445"/><WallEn i="2446"/><WallEn i="2480"/><WallEn i="2481"/><WallEn i="2482"/><WallEn i="2487"/><WallEn i="2488"/><WallEn i="2489"/><WallEn i="2501"/><WallEn i="2646"/><WallEn i="2647"/><WallEn i="2687"/><WallEn i="2701"/><WallEn i="2702"/><WallEn i="2847"/><WallEn i="2848"/><WallEn i="2885"/><WallEn i="2886"/><WallEn i="2887"/><WallEn i="2902"/><WallEn i="2903"/><WallEn i="3048"/><WallEn i="3049"/><WallEn i="3085"/><WallEn i="3103"/><WallEn i="3104"/><WallEn i="3249"/><WallEn i="3250"/><WallEn i="3281"/><WallEn i="3282"/><SwitchEn i="3283" id="3"/><WallEn i="3285"/><WallEn i="3304"/><WallEn i="3305"/><WallEn i="3306"/><WallEn i="3450"/><WallEn i="3451"/><WallEn i="3452"/><WallEn i="3482"/><WallEn i="3483"/><WallEn i="3484"/><WallEn i="3485"/><WallEn i="3506"/><WallEn i="3507"/><WallEn i="3508"/><WallEn i="3652"/><WallEn i="3653"/><WallEn i="3654"/><DoorEn i="3684" id="3"/><WallEn i="3708"/><WallEn i="3709"/><WallEn i="3854"/><WallEn i="3855"/><WallEn i="3856"/><WallEn i="3857"/><TorchEn i="3862" id="501"/><TorchEn i="3876" id="502"/><TorchEn i="3882" id="0"/><WallEn i="3909"/><WallEn i="4057"/><WallEn i="4058"/><WallEn i="4109"/><WallEn i="4110"/><WallEn i="4111"/><WallEn i="4112"/><WallEn i="4113"/><WallEn i="4258"/><WallEn i="4259"/><WallEn i="4260"/><WallEn i="4261"/><WallEn i="4262"/><WallEn i="4263"/><WallEn i="4264"/><WallEn i="4265"/><WallEn i="4266"/><WallEn i="4267"/><WallEn i="4268"/><WallEn i="4269"/><WallEn i="4270"/><WallEn i="4271"/><WallEn i="4272"/><WallEn i="4273"/><WallEn i="4274"/><WallEn i="4275"/><WallEn i="4276"/><WallEn i="4277"/><WallEn i="4278"/><WallEn i="4279"/><WallEn i="4280"/><WallEn i="4281"/><WallEn i="4282"/><WallEn i="4283"/><WallEn i="4284"/><WallEn i="4285"/><WallEn i="4286"/><WallEn i="4310"/><WallEn i="4311"/><WallEn i="4313"/><WallEn i="4314"/><WallEn i="4486"/><WallEn i="4487"/><WallEn i="4511"/><WallEn i="4514"/><WallEn i="4687"/><WallEn i="4688"/><WallEn i="4689"/><WallEn i="4714"/><WallEn i="4715"/><WallEn i="4889"/><WallEn i="4890"/><TorchEn i="4896" id="0"/><WallEn i="4915"/><WallEn i="4916"/><WallEn i="4925"/><WallEn i="5090"/><WallEn i="5091"/><WallEn i="5092"/><WallEn i="5093"/><WallEn i="5116"/><WallEn i="5117"/><WallEn i="5119"/><WallEn i="5120"/><WallEn i="5121"/><WallEn i="5123"/><WallEn i="5124"/><WallEn i="5125"/><WallEn i="5293"/><WallEn i="5294"/><WallEn i="5295"/><WallEn i="5296"/><WallEn i="5297"/><WallEn i="5298"/><WallEn i="5317"/><WallEn i="5318"/><WallEn i="5319"/><WallEn i="5321"/><WallEn i="5322"/><WallEn i="5323"/><WallEn i="5325"/><WallEn i="5326"/><WallEn i="5327"/><WallEn i="5328"/><WallEn i="5329"/><WallEn i="5330"/><WallEn i="5331"/><WallEn i="5332"/><WallEn i="5333"/><WallEn i="5334"/><WallEn i="5335"/><WallEn i="5498"/><WallEn i="5499"/><WallEn i="5500"/><WallEn i="5518"/><WallEn i="5522"/><DoorEn i="5526" id="2123"/><WallEn i="5535"/><WallEn i="5536"/><WallEn i="5700"/><WallEn i="5701"/><WallEn i="5702"/><WallEn i="5703"/><WallEn i="5704"/><TorchEn i="5730" id="0"/><WallEn i="5736"/><WallEn i="5904"/><WallEn i="5905"/><WallEn i="5906"/><WallEn i="5907"/><WallEn i="5908"/><TorchEn i="5918" id="0"/><SwitchEn i="5922" id="2123"/><SpikeEn i="5934"/><WallEn i="5936"/><WallEn i="6108"/><WallEn i="6109"/><WallEn i="6110"/><WallEn i="6111"/><WallEn i="6112"/><WallEn i="6113"/><WallEn i="6114"/><WallEn i="6115"/><WallEn i="6121"/><WallEn i="6122"/><WallEn i="6123"/><WallEn i="6124"/><WallEn i="6125"/><WallEn i="6126"/><WallEn i="6127"/><WallEn i="6130"/><WallEn i="6131"/><WallEn i="6132"/><WallEn i="6133"/><WallEn i="6134"/><WallEn i="6135"/><WallEn i="6136"/><WallEn i="6315"/><WallEn i="6316"/><WallEn i="6317"/><WallEn i="6318"/><WallEn i="6319"/><WallEn i="6320"/><WallEn i="6321"/><WallEn i="6325"/><WallEn i="6327"/><WallEn i="6330"/><WallEn i="6521"/><WallEn i="6525"/><WallEn i="6527"/><WallEn i="6530"/><WallEn i="6677"/><WallEn i="6697"/><WallEn i="6721"/><WallEn i="6725"/><WallEn i="6727"/><WallEn i="6730"/><WallEn i="6877"/><WallEn i="6897"/><WallEn i="6921"/><WallEn i="6925"/><WallEn i="6927"/><WallEn i="6930"/><WallEn i="7077"/><WallEn i="7097"/><WallEn i="7121"/><WallEn i="7125"/><WallEn i="7127"/><WallEn i="7130"/><WallEn i="7277"/><WallEn i="7297"/><WallEn i="7321"/><WallEn i="7325"/><WallEn i="7327"/><WallEn i="7330"/><WallEn i="7477"/><WallEn i="7497"/><WallEn i="7521"/><WallEn i="7525"/><WallEn i="7527"/><WallEn i="7530"/><WallEn i="7677"/><WallEn i="7697"/><WallEn i="7721"/><WallEn i="7725"/><WallEn i="7727"/><WallEn i="7730"/><WallEn i="7877"/><WallEn i="7897"/><WallEn i="7921"/><WallEn i="7925"/><WallEn i="7927"/><WallEn i="7930"/><WallEn i="8077"/><WallEn i="8097"/><WallEn i="8098"/><WallEn i="8099"/><WallEn i="8121"/><WallEn i="8125"/><WallEn i="8127"/><RespawnEn i="8128" id="0"/><RespawnEn i="8129" id="0"/><WallEn i="8130"/><WallEn i="8131"/><WallEn i="8132"/><WallEn i="8277"/><TorchEn i="8289" id="0"/><TorchEn i="8292" id="0"/><WallEn i="8299"/><WallEn i="8300"/><WallEn i="8301"/><WallEn i="8302"/><WallEn i="8321"/><WallEn i="8325"/><WallEn i="8327"/><WallEn i="8332"/><WallEn i="8333"/><WallEn i="8466"/><WallEn i="8467"/><WallEn i="8468"/><WallEn i="8469"/><WallEn i="8470"/><WallEn i="8471"/><WallEn i="8472"/><WallEn i="8473"/><WallEn i="8474"/><WallEn i="8475"/><WallEn i="8476"/><WallEn i="8477"/><WallEn i="8502"/><WallEn i="8503"/><WallEn i="8521"/><WallEn i="8525"/><WallEn i="8527"/><WallEn i="8533"/><WallEn i="8534"/><WallEn i="8666"/><RespawnEn i="8675" id="0"/><WallEn i="8688"/><WallEn i="8689"/><WallEn i="8690"/><WallEn i="8691"/><WallEn i="8692"/><WallEn i="8693"/><WallEn i="8703"/><WallEn i="8704"/><WallEn i="8705"/><WallEn i="8706"/><WallEn i="8707"/><WallEn i="8708"/><WallEn i="8709"/><WallEn i="8710"/><WallEn i="8711"/><WallEn i="8712"/><WallEn i="8713"/><WallEn i="8714"/><WallEn i="8715"/><WallEn i="8716"/><WallEn i="8717"/><WallEn i="8718"/><WallEn i="8719"/><WallEn i="8720"/><WallEn i="8721"/><WallEn i="8725"/><WallEn i="8727"/><WallEn i="8734"/><WallEn i="8735"/><WallEn i="8736"/><WallEn i="8737"/><WallEn i="8738"/><WallEn i="8739"/><WallEn i="8740"/><WallEn i="8741"/><WallEn i="8742"/><WallEn i="8743"/><WallEn i="8744"/><WallEn i="8745"/><WallEn i="8746"/><WallEn i="8747"/><WallEn i="8748"/><WallEn i="8866"/><RespawnEn i="8875" id="0"/><TorchEn i="8878" id="0"/><WallEn i="8888"/><WallEn i="8889"/><WallEn i="8890"/><WallEn i="8891"/><WallEn i="8892"/><WallEn i="8893"/><TorchEn i="8895" id="0"/><RespawnEn i="8917" id="0"/><DoorEn i="8921" id="9339"/><WallEn i="8925"/><WallEn i="8926"/><WallEn i="8927"/><DoorEn i="8936" id="8936"/><WallEn i="8948"/><WallEn i="8949"/><WallEn i="8950"/><WallEn i="9065"/><WallEn i="9066"/><RespawnEn i="9117" id="0"/><TorchEn i="9123" id="0"/><WallEn i="9127"/><TorchEn i="9129" id="0"/><TorchEn i="9134" id="0"/><WallEn i="9150"/><WallEn i="9151"/><WallEn i="9152"/><WallEn i="9265"/><WallEn i="9270"/><WallEn i="9271"/><WallEn i="9272"/><WallEn i="9275"/><WallEn i="9276"/><WallEn i="9277"/><WallEn i="9278"/><WallEn i="9279"/><WallEn i="9280"/><WallEn i="9281"/><WallEn i="9284"/><WallEn i="9285"/><WallEn i="9286"/><WallEn i="9287"/><WallEn i="9288"/><WallEn i="9289"/><WallEn i="9290"/><WallEn i="9291"/><WallEn i="9292"/><WallEn i="9293"/><WallEn i="9294"/><WallEn i="9295"/><WallEn i="9296"/><WallEn i="9297"/><WallEn i="9298"/><WallEn i="9299"/><WallEn i="9300"/><SpikeEn i="9301"/><SpikeEn i="9302"/><SpikeEn i="9307"/><SpikeEn i="9308"/><SpikeEn i="9309"/><SwitchEn i="9324" id="8936"/><SwitchEn i="9339" id="9339"/><RespawnEn i="9343" id="0"/><WallEn i="9352"/><WallEn i="9353"/><WallEn i="9465"/><SpikeEn i="9466"/><SpikeEn i="9467"/><SpikeEn i="9468"/><SpikeEn i="9469"/><SpikeEn i="9470"/><SpikeEn i="9471"/><WallEn i="9472"/><WallEn i="9475"/><WallEn i="9481"/><WallEn i="9484"/><WallEn i="9500"/><WallEn i="9501"/><WallEn i="9502"/><WallEn i="9503"/><WallEn i="9504"/><WallEn i="9505"/><WallEn i="9506"/><WallEn i="9507"/><WallEn i="9508"/><WallEn i="9509"/><WallEn i="9510"/><WallEn i="9511"/><WallEn i="9512"/><WallEn i="9513"/><WallEn i="9514"/><WallEn i="9515"/><WallEn i="9516"/><WallEn i="9517"/><WallEn i="9518"/><WallEn i="9519"/><WallEn i="9520"/><WallEn i="9521"/><WallEn i="9522"/><WallEn i="9523"/><WallEn i="9524"/><WallEn i="9525"/><WallEn i="9526"/><WallEn i="9527"/><WallEn i="9528"/><WallEn i="9529"/><WallEn i="9530"/><WallEn i="9531"/><WallEn i="9532"/><WallEn i="9533"/><WallEn i="9534"/><WallEn i="9535"/><WallEn i="9536"/><WallEn i="9537"/><WallEn i="9538"/><WallEn i="9539"/><WallEn i="9540"/><RespawnEn i="9543" id="0"/><WallEn i="9553"/><WallEn i="9665"/><WallEn i="9666"/><WallEn i="9667"/><WallEn i="9668"/><WallEn i="9669"/><WallEn i="9670"/><WallEn i="9671"/><WallEn i="9672"/><WallEn i="9675"/><WallEn i="9681"/><WallEn i="9684"/><WallEn i="9740"/><WallEn i="9753"/><WallEn i="9872"/><WallEn i="9875"/><WallEn i="9881"/><WallEn i="9884"/><WallEn i="9940"/><WallEn i="9941"/><WallEn i="9942"/><WallEn i="9943"/><WallEn i="9944"/><WallEn i="9953"/><WallEn i="9954"/><WallEn i="9955"/><WallEn i="10072"/><WallEn i="10075"/><WallEn i="10081"/><WallEn i="10084"/><SpikeEn i="10092"/><SpikeEn i="10093"/><SpikeEn i="10094"/><SpikeEn i="10096"/><SpikeEn i="10098"/><SpikeEn i="10100"/><SpikeEn i="10101"/><SpikeEn i="10102"/><SpikeEn i="10105"/><SpikeEn i="10108"/><SpikeEn i="10109"/><SpikeEn i="10110"/><SpikeEn i="10112"/><SpikeEn i="10113"/><SpikeEn i="10114"/><SpikeEn i="10116"/><SpikeEn i="10117"/><WallEn i="10144"/><WallEn i="10155"/><WallEn i="10174"/><WallEn i="10272"/><WallEn i="10275"/><WallEn i="10281"/><WallEn i="10284"/><WallEn i="10292"/><WallEn i="10293"/><WallEn i="10294"/><WallEn i="10296"/><SpikeEn i="10297"/><WallEn i="10298"/><WallEn i="10300"/><WallEn i="10301"/><WallEn i="10302"/><SpikeEn i="10304"/><WallEn i="10305"/><SpikeEn i="10306"/><WallEn i="10308"/><WallEn i="10309"/><WallEn i="10310"/><WallEn i="10312"/><WallEn i="10313"/><WallEn i="10314"/><WallEn i="10316"/><WallEn i="10317"/><SpikeEn i="10318"/><WallEn i="10344"/><WallEn i="10345"/><WallEn i="10346"/><WallEn i="10347"/><WallEn i="10355"/><WallEn i="10377"/><WallEn i="10472"/><WallEn i="10475"/><WallEn i="10481"/><WallEn i="10484"/><WallEn i="10492"/><WallEn i="10496"/><WallEn i="10497"/><WallEn i="10498"/><WallEn i="10500"/><WallEn i="10504"/><WallEn i="10506"/><WallEn i="10509"/><WallEn i="10512"/><WallEn i="10516"/><WallEn i="10518"/><WallEn i="10547"/><WallEn i="10555"/><WallEn i="10672"/><RespawnEn i="10673" id="0"/><RespawnEn i="10674" id="0"/><WallEn i="10675"/><WallEn i="10680"/><WallEn i="10681"/><WallEn i="10684"/><WallEn i="10685"/><WallEn i="10692"/><WallEn i="10696"/><WallEn i="10698"/><WallEn i="10700"/><WallEn i="10701"/><WallEn i="10704"/><WallEn i="10705"/><WallEn i="10706"/><WallEn i="10709"/><WallEn i="10712"/><WallEn i="10713"/><WallEn i="10716"/><WallEn i="10717"/><WallEn i="10718"/><SpikeEn i="10746"/><WallEn i="10747"/><WallEn i="10748"/><WallEn i="10749"/><WallEn i="10750"/><WallEn i="10755"/><WallEn i="10775"/><WallEn i="10780"/><WallEn i="10847"/><WallEn i="10872"/><WallEn i="10875"/><WallEn i="10879"/><WallEn i="10880"/><WallEn i="10885"/><WallEn i="10886"/><WallEn i="10892"/><WallEn i="10893"/><WallEn i="10894"/><WallEn i="10896"/><WallEn i="10898"/><WallEn i="10900"/><WallEn i="10901"/><WallEn i="10902"/><WallEn i="10904"/><WallEn i="10906"/><WallEn i="10909"/><WallEn i="10912"/><WallEn i="10913"/><WallEn i="10914"/><WallEn i="10916"/><WallEn i="10918"/><WallEn i="10943"/><WallEn i="10944"/><WallEn i="10945"/><WallEn i="10946"/><WallEn i="10947"/><WallEn i="10955"/><WallEn i="10978"/><WallEn i="10980"/><WallEn i="11047"/><WallEn i="11072"/><WallEn i="11075"/><WallEn i="11079"/><WallEn i="11086"/><WallEn i="11125"/><WallEn i="11126"/><WallEn i="11127"/><WallEn i="11128"/><WallEn i="11129"/><WallEn i="11130"/><WallEn i="11131"/><WallEn i="11132"/><WallEn i="11133"/><WallEn i="11134"/><WallEn i="11135"/><WallEn i="11136"/><WallEn i="11137"/><WallEn i="11138"/><WallEn i="11139"/><WallEn i="11140"/><WallEn i="11141"/><WallEn i="11142"/><WallEn i="11143"/><WallEn i="11153"/><WallEn i="11154"/><WallEn i="11155"/><WallEn i="11176"/><WallEn i="11186"/><WallEn i="11247"/><WallEn i="11272"/><WallEn i="11275"/><WallEn i="11279"/><WallEn i="11280"/><WallEn i="11285"/><WallEn i="11286"/><WallEn i="11324"/><WallEn i="11325"/><RespawnEn i="11329" id="0"/><DoorEn i="11335" id="12683"/><WallEn i="11353"/><WallEn i="11373"/><WallEn i="11375"/><WallEn i="11378"/><WallEn i="11380"/><WallEn i="11382"/><WallEn i="11384"/><WallEn i="11386"/><WallEn i="11447"/><WallEn i="11472"/><WallEn i="11475"/><WallEn i="11480"/><SpikeEn i="11481"/><SpikeEn i="11482"/><SpikeEn i="11483"/><SpikeEn i="11484"/><WallEn i="11485"/><WallEn i="11523"/><WallEn i="11524"/><RespawnEn i="11529" id="0"/><WallEn i="11550"/><WallEn i="11551"/><WallEn i="11552"/><WallEn i="11553"/><WallEn i="11572"/><WallEn i="11578"/><WallEn i="11579"/><WallEn i="11586"/><WallEn i="11647"/><WallEn i="11672"/><WallEn i="11675"/><WallEn i="11680"/><WallEn i="11681"/><WallEn i="11682"/><WallEn i="11683"/><WallEn i="11684"/><WallEn i="11685"/><WallEn i="11690"/><WallEn i="11691"/><WallEn i="11692"/><WallEn i="11693"/><WallEn i="11694"/><WallEn i="11721"/><WallEn i="11722"/><WallEn i="11723"/><SwitchEn i="11732" id="11732"/><WallEn i="11750"/><WallEn i="11776"/><WallEn i="11781"/><WallEn i="11786"/><WallEn i="11847"/><WallEn i="11872"/><WallEn i="11875"/><WallEn i="11889"/><WallEn i="11890"/><WallEn i="11894"/><WallEn i="11895"/><WallEn i="11920"/><WallEn i="11921"/><WallEn i="11929"/><WallEn i="11930"/><WallEn i="11931"/><WallEn i="11932"/><WallEn i="11933"/><WallEn i="11934"/><WallEn i="11935"/><WallEn i="11936"/><WallEn i="11937"/><WallEn i="11938"/><WallEn i="11939"/><WallEn i="11940"/><WallEn i="11941"/><WallEn i="11942"/><WallEn i="11943"/><WallEn i="11944"/><WallEn i="11945"/><WallEn i="11946"/><WallEn i="11947"/><WallEn i="11948"/><WallEn i="11949"/><WallEn i="11950"/><WallEn i="11974"/><WallEn i="11977"/><WallEn i="11979"/><WallEn i="11986"/><WallEn i="12047"/><WallEn i="12072"/><WallEn i="12075"/><WallEn i="12082"/><WallEn i="12083"/><WallEn i="12084"/><WallEn i="12085"/><WallEn i="12086"/><WallEn i="12087"/><WallEn i="12088"/><WallEn i="12089"/><WallEn i="12095"/><WallEn i="12120"/><WallEn i="12128"/><WallEn i="12129"/><WallEn i="12178"/><WallEn i="12183"/><WallEn i="12186"/><WallEn i="12247"/><WallEn i="12270"/><WallEn i="12271"/><WallEn i="12272"/><WallEn i="12275"/><WallEn i="12276"/><WallEn i="12277"/><WallEn i="12278"/><WallEn i="12279"/><WallEn i="12280"/><WallEn i="12281"/><WallEn i="12282"/><DoorEn i="12287" id="11732"/><WallEn i="12295"/><WallEn i="12319"/><WallEn i="12320"/><WallEn i="12327"/><WallEn i="12328"/><WallEn i="12372"/><TorchEn i="12378" id="13379"/><WallEn i="12383"/><WallEn i="12386"/><WallEn i="12447"/><WallEn i="12470"/><TorchEn i="12485" id="0"/><WallEn i="12495"/><WallEn i="12518"/><WallEn i="12519"/><WallEn i="12527"/><RespawnEn i="12576" id="13376"/><TorchEn i="12579" id="13379"/><RespawnEn i="12581" id="0"/><WallEn i="12584"/><WallEn i="12586"/><WallEn i="12647"/><WallEn i="12670"/><SpikeEn i="12671"/><SpikeEn i="12672"/><SpikeEn i="12682"/><SwitchEn i="12683" id="12683"/><WallEn i="12695"/><WallEn i="12718"/><WallEn i="12727"/><RespawnEn i="12776" id="13376"/><TorchEn i="12778" id="13379"/><RespawnEn i="12781" id="0"/><WallEn i="12786"/><WallEn i="12847"/><WallEn i="12870"/><WallEn i="12871"/><WallEn i="12872"/><WallEn i="12873"/><WallEn i="12874"/><WallEn i="12875"/><WallEn i="12876"/><WallEn i="12877"/><WallEn i="12878"/><WallEn i="12879"/><WallEn i="12880"/><WallEn i="12881"/><WallEn i="12882"/><WallEn i="12883"/><WallEn i="12884"/><WallEn i="12885"/><WallEn i="12886"/><WallEn i="12887"/><WallEn i="12888"/><WallEn i="12889"/><WallEn i="12895"/><WallEn i="12916"/><WallEn i="12917"/><WallEn i="12918"/><WallEn i="12926"/><WallEn i="12927"/><RespawnEn i="12976" id="13376"/><TorchEn i="12979" id="13379"/><RespawnEn i="12981" id="0"/><WallEn i="12986"/><WallEn i="13047"/><RespawnEn i="13048" id="0"/><WallEn i="13089"/><WallEn i="13090"/><SpikeEn i="13091"/><WallEn i="13095"/><WallEn i="13116"/><WallEn i="13126"/><RespawnEn i="13176" id="13376"/><TorchEn i="13178" id="13379"/><RespawnEn i="13181" id="0"/><WallEn i="13186"/><WallEn i="13247"/><RespawnEn i="13248" id="0"/><WallEn i="13253"/><WallEn i="13254"/><WallEn i="13255"/><WallEn i="13290"/><WallEn i="13291"/><TorchEn i="13294" id="0"/><WallEn i="13295"/><WallEn i="13316"/><WallEn i="13326"/><RespawnEn i="13376" id="13376"/><TorchEn i="13379" id="13379"/><RespawnEn i="13381" id="0"/><WallEn i="13386"/><WallEn i="13447"/><WallEn i="13455"/><WallEn i="13491"/><WallEn i="13495"/><WallEn i="13516"/><WallEn i="13526"/><WallEn i="13586"/><WallEn i="13647"/><WallEn i="13648"/><WallEn i="13655"/><SpikeEn i="13657"/><SpikeEn i="13658"/><WallEn i="13691"/><WallEn i="13694"/><WallEn i="13695"/><WallEn i="13716"/><WallEn i="13726"/><WallEn i="13777"/><WallEn i="13778"/><WallEn i="13779"/><WallEn i="13780"/><WallEn i="13781"/><WallEn i="13786"/><WallEn i="13847"/><WallEn i="13855"/><WallEn i="13856"/><WallEn i="13857"/><WallEn i="13858"/><WallEn i="13859"/><WallEn i="13860"/><WallEn i="13861"/><WallEn i="13862"/><WallEn i="13863"/><WallEn i="13864"/><WallEn i="13891"/><WallEn i="13894"/><WallEn i="13916"/><WallEn i="13926"/><WallEn i="13976"/><WallEn i="13977"/><WallEn i="13981"/><WallEn i="13986"/><WallEn i="14047"/><RespawnEn i="14054" id="0"/><WallEn i="14056"/><WallEn i="14091"/><WallEn i="14094"/><WallEn i="14116"/><WallEn i="14126"/><WallEn i="14176"/><WallEn i="14181"/><WallEn i="14182"/><WallEn i="14186"/><WallEn i="14247"/><RespawnEn i="14254" id="0"/><WallEn i="14256"/><TorchEn i="14258" id="0"/><WallEn i="14260"/><WallEn i="14261"/><WallEn i="14262"/><WallEn i="14263"/><WallEn i="14264"/><WallEn i="14265"/><WallEn i="14266"/><WallEn i="14277"/><WallEn i="14291"/><WallEn i="14294"/><WallEn i="14316"/><SpikeEn i="14319"/><WallEn i="14326"/><WallEn i="14344"/><WallEn i="14374"/><WallEn i="14375"/><WallEn i="14376"/><WallEn i="14382"/><WallEn i="14386"/><WallEn i="14447"/><TorchEn i="14453" id="0"/><RespawnEn i="14454" id="0"/><WallEn i="14456"/><WallEn i="14461"/><WallEn i="14477"/><WallEn i="14491"/><WallEn i="14494"/><WallEn i="14516"/><WallEn i="14517"/><WallEn i="14518"/><WallEn i="14519"/><WallEn i="14526"/><WallEn i="14544"/><WallEn i="14573"/><WallEn i="14574"/><WallEn i="14582"/><WallEn i="14586"/><WallEn i="14647"/><WallEn i="14656"/><WallEn i="14657"/><WallEn i="14658"/><WallEn i="14659"/><WallEn i="14660"/><WallEn i="14661"/><WallEn i="14662"/><WallEn i="14663"/><WallEn i="14664"/><WallEn i="14665"/><WallEn i="14666"/><WallEn i="14667"/><WallEn i="14668"/><WallEn i="14677"/><WallEn i="14691"/><WallEn i="14694"/><WallEn i="14719"/><WallEn i="14726"/><WallEn i="14727"/><WallEn i="14744"/><WallEn i="14773"/><WallEn i="14782"/><WallEn i="14783"/><WallEn i="14786"/><WallEn i="14847"/><WallEn i="14852"/><WallEn i="14853"/><WallEn i="14854"/><WallEn i="14877"/><WallEn i="14878"/><WallEn i="14879"/><WallEn i="14880"/><WallEn i="14881"/><WallEn i="14882"/><WallEn i="14885"/><WallEn i="14886"/><WallEn i="14887"/><WallEn i="14888"/><WallEn i="14889"/><WallEn i="14890"/><WallEn i="14891"/><RespawnEn i="14892" id="0"/><RespawnEn i="14893" id="0"/><WallEn i="14894"/><WallEn i="14919"/><SpikeEn i="14921"/><WallEn i="14927"/><WallEn i="14944"/><WallEn i="14971"/><WallEn i="14972"/><WallEn i="14973"/><WallEn i="14983"/><WallEn i="14986"/><WallEn i="15047"/><WallEn i="15053"/><WallEn i="15063"/><WallEn i="15064"/><WallEn i="15065"/><WallEn i="15066"/><WallEn i="15067"/><WallEn i="15068"/><WallEn i="15069"/><WallEn i="15070"/><WallEn i="15071"/><WallEn i="15082"/><WallEn i="15083"/><WallEn i="15084"/><WallEn i="15085"/><WallEn i="15094"/><WallEn i="15119"/><WallEn i="15120"/><WallEn i="15121"/><WallEn i="15127"/><WallEn i="15144"/><SpikeEn i="15169"/><WallEn i="15170"/><WallEn i="15171"/><WallEn i="15183"/><WallEn i="15186"/><WallEn i="15247"/><WallEn i="15250"/><WallEn i="15251"/><WallEn i="15252"/><WallEn i="15253"/><WallEn i="15254"/><WallEn i="15255"/><WallEn i="15256"/><WallEn i="15257"/><WallEn i="15258"/><WallEn i="15259"/><WallEn i="15260"/><WallEn i="15261"/><WallEn i="15262"/><WallEn i="15263"/><WallEn i="15267"/><TorchEn i="15287" id="0"/><WallEn i="15294"/><WallEn i="15321"/><WallEn i="15327"/><WallEn i="15344"/><WallEn i="15368"/><WallEn i="15369"/><WallEn i="15370"/><WallEn i="15383"/><WallEn i="15386"/><WallEn i="15447"/><WallEn i="15450"/><WallEn i="15463"/><TorchEn i="15465" id="0"/><WallEn i="15467"/><WallEn i="15468"/><WallEn i="15469"/><WallEn i="15470"/><WallEn i="15471"/><WallEn i="15472"/><WallEn i="15473"/><WallEn i="15474"/><WallEn i="15489"/><WallEn i="15490"/><WallEn i="15491"/><WallEn i="15492"/><WallEn i="15493"/><WallEn i="15494"/><WallEn i="15495"/><WallEn i="15496"/><WallEn i="15497"/><WallEn i="15498"/><WallEn i="15521"/><WallEn i="15527"/><WallEn i="15543"/><WallEn i="15544"/><WallEn i="15566"/><WallEn i="15567"/><WallEn i="15568"/><WallEn i="15583"/><WallEn i="15586"/><WallEn i="15647"/><WallEn i="15650"/><WallEn i="15663"/><SpikeEn i="15678"/><WallEn i="15680"/><WallEn i="15681"/><WallEn i="15682"/><WallEn i="15683"/><WallEn i="15684"/><WallEn i="15685"/><WallEn i="15686"/><WallEn i="15687"/><WallEn i="15688"/><WallEn i="15689"/><WallEn i="15698"/><WallEn i="15699"/><WallEn i="15721"/><SpikeEn i="15723"/><WallEn i="15727"/><WallEn i="15743"/><WallEn i="15765"/><WallEn i="15766"/><WallEn i="15783"/><WallEn i="15786"/><WallEn i="15847"/><WallEn i="15850"/><WallEn i="15862"/><WallEn i="15863"/><WallEn i="15864"/><WallEn i="15865"/><WallEn i="15866"/><WallEn i="15867"/><WallEn i="15868"/><WallEn i="15869"/><WallEn i="15870"/><WallEn i="15871"/><WallEn i="15872"/><WallEn i="15873"/><WallEn i="15874"/><WallEn i="15875"/><WallEn i="15876"/><WallEn i="15877"/><WallEn i="15878"/><WallEn i="15879"/><WallEn i="15880"/><WallEn i="15899"/><WallEn i="15921"/><WallEn i="15922"/><WallEn i="15923"/><WallEn i="15927"/><WallEn i="15941"/><WallEn i="15942"/><WallEn i="15943"/><WallEn i="15944"/><WallEn i="15965"/><WallEn i="15983"/><WallEn i="15986"/><WallEn i="16047"/><WallEn i="16050"/><WallEn i="16060"/><WallEn i="16061"/><WallEn i="16062"/><WallEn i="16099"/><WallEn i="16100"/><WallEn i="16123"/><WallEn i="16127"/><WallEn i="16141"/><WallEn i="16144"/><WallEn i="16145"/><WallEn i="16162"/><WallEn i="16163"/><WallEn i="16164"/><WallEn i="16165"/><WallEn i="16183"/><WallEn i="16186"/><WallEn i="16247"/><WallEn i="16250"/><WallEn i="16259"/><WallEn i="16260"/><WallEn i="16300"/><WallEn i="16301"/><WallEn i="16323"/><WallEn i="16327"/><WallEn i="16340"/><WallEn i="16345"/><WallEn i="16346"/><WallEn i="16347"/><WallEn i="16361"/><WallEn i="16362"/><WallEn i="16383"/><WallEn i="16386"/><WallEn i="16447"/><WallEn i="16450"/><WallEn i="16457"/><WallEn i="16458"/><WallEn i="16459"/><WallEn i="16468"/><WallEn i="16469"/><WallEn i="16470"/><WallEn i="16471"/><WallEn i="16472"/><WallEn i="16473"/><WallEn i="16474"/><WallEn i="16475"/><WallEn i="16501"/><WallEn i="16523"/><WallEn i="16527"/><WallEn i="16539"/><WallEn i="16540"/><WallEn i="16560"/><WallEn i="16561"/><WallEn i="16583"/><WallEn i="16586"/><WallEn i="16647"/><WallEn i="16650"/><WallEn i="16656"/><WallEn i="16657"/><WallEn i="16658"/><WallEn i="16665"/><WallEn i="16666"/><WallEn i="16667"/><WallEn i="16668"/><WallEn i="16701"/><WallEn i="16702"/><WallEn i="16723"/><WallEn i="16727"/><WallEn i="16739"/><WallEn i="16759"/><WallEn i="16760"/><WallEn i="16783"/><WallEn i="16786"/><WallEn i="16847"/><WallEn i="16850"/><WallEn i="16855"/><WallEn i="16856"/><WallEn i="16858"/><WallEn i="16862"/><WallEn i="16876"/><WallEn i="16877"/><WallEn i="16878"/><WallEn i="16879"/><WallEn i="16880"/><WallEn i="16881"/><WallEn i="16882"/><SpikeEn i="16884"/><SpikeEn i="16885"/><SpikeEn i="16886"/><WallEn i="16891"/><WallEn i="16902"/><WallEn i="16903"/><WallEn i="16904"/><WallEn i="16905"/><WallEn i="16906"/><WallEn i="16907"/><WallEn i="16908"/><WallEn i="16909"/><WallEn i="16910"/><WallEn i="16911"/><WallEn i="16923"/><WallEn i="16927"/><WallEn i="16939"/><SpikeEn i="16956"/><WallEn i="16957"/><WallEn i="16958"/><WallEn i="16959"/><WallEn i="16983"/><WallEn i="16986"/><WallEn i="17047"/><WallEn i="17050"/><WallEn i="17054"/><WallEn i="17055"/><WallEn i="17058"/><SpikeEn i="17060"/><WallEn i="17062"/><WallEn i="17063"/><WallEn i="17071"/><WallEn i="17082"/><WallEn i="17083"/><WallEn i="17084"/><WallEn i="17085"/><WallEn i="17086"/><WallEn i="17087"/><WallEn i="17088"/><WallEn i="17089"/><WallEn i="17090"/><WallEn i="17091"/><WallEn i="17092"/><WallEn i="17093"/><DoorEn i="17102" id="17102"/><DoorEn i="17103" id="17102"/><DoorEn i="17104" id="17102"/><WallEn i="17111"/><WallEn i="17123"/><WallEn i="17127"/><WallEn i="17139"/><WallEn i="17156"/><WallEn i="17157"/><WallEn i="17183"/><WallEn i="17186"/><WallEn i="17247"/><WallEn i="17250"/><WallEn i="17253"/><WallEn i="17254"/><WallEn i="17258"/><WallEn i="17259"/><WallEn i="17260"/><SpikeEn i="17261"/><SpikeEn i="17262"/><WallEn i="17263"/><WallEn i="17264"/><TorchEn i="17269" id="0"/><WallEn i="17271"/><TorchEn i="17298" id="0"/><TorchEn i="17300" id="503"/><WallEn i="17311"/><WallEn i="17323"/><RespawnEn i="17324" id="0"/><RespawnEn i="17325" id="0"/><RespawnEn i="17326" id="0"/><WallEn i="17327"/><WallEn i="17339"/><WallEn i="17354"/><WallEn i="17355"/><WallEn i="17356"/><WallEn i="17383"/><WallEn i="17386"/><WallEn i="17447"/><WallEn i="17450"/><WallEn i="17451"/><WallEn i="17452"/><WallEn i="17453"/><RespawnEn i="17456" id="0"/><WallEn i="17460"/><WallEn i="17461"/><WallEn i="17462"/><WallEn i="17463"/><WallEn i="17464"/><WallEn i="17465"/><WallEn i="17471"/><SwitchEn i="17496" id="17496"/><WallEn i="17511"/><WallEn i="17523"/><WallEn i="17527"/><WallEn i="17539"/><SpikeEn i="17551"/><WallEn i="17552"/><WallEn i="17553"/><WallEn i="17554"/><WallEn i="17583"/><WallEn i="17586"/><WallEn i="17647"/><RespawnEn i="17656" id="0"/><WallEn i="17668"/><WallEn i="17669"/><WallEn i="17670"/><WallEn i="17671"/><WallEn i="17672"/><WallEn i="17695"/><WallEn i="17696"/><WallEn i="17697"/><WallEn i="17698"/><WallEn i="17699"/><WallEn i="17700"/><WallEn i="17701"/><WallEn i="17702"/><WallEn i="17703"/><WallEn i="17704"/><WallEn i="17705"/><WallEn i="17706"/><WallEn i="17707"/><WallEn i="17711"/><WallEn i="17723"/><WallEn i="17727"/><WallEn i="17738"/><WallEn i="17739"/><WallEn i="17750"/><WallEn i="17751"/><WallEn i="17752"/><WallEn i="17783"/><WallEn i="17786"/><WallEn i="17847"/><SpikeEn i="17849"/><SpikeEn i="17850"/><SpikeEn i="17858"/><SpikeEn i="17859"/><SpikeEn i="17860"/><SpikeEn i="17868"/><WallEn i="17869"/><WallEn i="17872"/><WallEn i="17873"/><TorchEn i="17882" id="0"/><SpikeEn i="17895"/><WallEn i="17896"/><WallEn i="17907"/><WallEn i="17911"/><WallEn i="17923"/><WallEn i="17927"/><WallEn i="17938"/><WallEn i="17948"/><WallEn i="17949"/><WallEn i="17950"/><WallEn i="17983"/><WallEn i="17986"/><WallEn i="18047"/><WallEn i="18048"/><WallEn i="18049"/><WallEn i="18050"/><WallEn i="18051"/><WallEn i="18052"/><WallEn i="18053"/><WallEn i="18054"/><WallEn i="18055"/><WallEn i="18056"/><WallEn i="18057"/><WallEn i="18058"/><WallEn i="18059"/><WallEn i="18060"/><WallEn i="18061"/><WallEn i="18062"/><WallEn i="18063"/><WallEn i="18064"/><WallEn i="18065"/><WallEn i="18066"/><WallEn i="18067"/><WallEn i="18068"/><WallEn i="18069"/><WallEn i="18073"/><WallEn i="18074"/><WallEn i="18075"/><WallEn i="18076"/><WallEn i="18077"/><SpikeEn i="18080"/><SpikeEn i="18081"/><SpikeEn i="18082"/><SpikeEn i="18083"/><SpikeEn i="18084"/><WallEn i="18086"/><WallEn i="18087"/><WallEn i="18088"/><WallEn i="18089"/><WallEn i="18090"/><WallEn i="18091"/><WallEn i="18092"/><WallEn i="18093"/><WallEn i="18094"/><WallEn i="18095"/><WallEn i="18096"/><WallEn i="18107"/><WallEn i="18111"/><WallEn i="18123"/><WallEn i="18127"/><WallEn i="18128"/><WallEn i="18129"/><WallEn i="18130"/><WallEn i="18131"/><WallEn i="18132"/><WallEn i="18133"/><WallEn i="18134"/><WallEn i="18135"/><WallEn i="18136"/><WallEn i="18137"/><WallEn i="18138"/><WallEn i="18146"/><WallEn i="18147"/><WallEn i="18148"/><WallEn i="18181"/><WallEn i="18182"/><WallEn i="18183"/><WallEn i="18186"/><WallEn i="18277"/><WallEn i="18278"/><WallEn i="18279"/><WallEn i="18280"/><WallEn i="18281"/><WallEn i="18282"/><WallEn i="18283"/><WallEn i="18284"/><WallEn i="18285"/><WallEn i="18286"/><WallEn i="18307"/><WallEn i="18311"/><WallEn i="18323"/><WallEn i="18344"/><WallEn i="18345"/><WallEn i="18346"/><WallEn i="18381"/><WallEn i="18386"/><WallEn i="18507"/><WallEn i="18511"/><WallEn i="18523"/><WallEn i="18543"/><WallEn i="18544"/><WallEn i="18581"/><WallEn i="18586"/><WallEn i="18707"/><WallEn i="18711"/><WallEn i="18723"/><WallEn i="18742"/><WallEn i="18743"/><WallEn i="18781"/><WallEn i="18784"/><WallEn i="18786"/><WallEn i="18907"/><WallEn i="18911"/><WallEn i="18923"/><WallEn i="18935"/><WallEn i="18936"/><WallEn i="18937"/><WallEn i="18938"/><WallEn i="18939"/><WallEn i="18940"/><WallEn i="18941"/><WallEn i="18942"/><WallEn i="18981"/><WallEn i="18984"/><WallEn i="18986"/><WallEn i="19107"/><WallEn i="19111"/><WallEn i="19123"/><WallEn i="19130"/><WallEn i="19131"/><WallEn i="19132"/><WallEn i="19133"/><WallEn i="19134"/><WallEn i="19135"/><WallEn i="19154"/><WallEn i="19155"/><WallEn i="19156"/><WallEn i="19157"/><WallEn i="19158"/><WallEn i="19159"/><WallEn i="19160"/><WallEn i="19161"/><WallEn i="19162"/><WallEn i="19163"/><WallEn i="19164"/><WallEn i="19165"/><WallEn i="19166"/><WallEn i="19167"/><WallEn i="19168"/><WallEn i="19169"/><WallEn i="19181"/><WallEn i="19184"/><WallEn i="19186"/><WallEn i="19307"/><WallEn i="19311"/><WallEn i="19323"/><WallEn i="19329"/><WallEn i="19330"/><WallEn i="19347"/><WallEn i="19348"/><WallEn i="19349"/><WallEn i="19350"/><WallEn i="19351"/><WallEn i="19352"/><WallEn i="19353"/><WallEn i="19354"/><WallEn i="19368"/><WallEn i="19369"/><WallEn i="19370"/><WallEn i="19371"/><WallEn i="19381"/><WallEn i="19386"/><WallEn i="19507"/><WallEn i="19511"/><WallEn i="19523"/><WallEn i="19524"/><WallEn i="19525"/><WallEn i="19526"/><WallEn i="19527"/><WallEn i="19528"/><WallEn i="19529"/><WallEn i="19547"/><WallEn i="19571"/><WallEn i="19572"/><WallEn i="19573"/><WallEn i="19581"/><WallEn i="19586"/><WallEn i="19707"/><WallEn i="19711"/><WallEn i="19741"/><WallEn i="19742"/><WallEn i="19743"/><WallEn i="19744"/><WallEn i="19745"/><WallEn i="19746"/><WallEn i="19747"/><WallEn i="19773"/><WallEn i="19774"/><WallEn i="19775"/><WallEn i="19781"/><WallEn i="19782"/><WallEn i="19786"/><WallEn i="19907"/><WallEn i="19911"/><WallEn i="19933"/><WallEn i="19934"/><WallEn i="19935"/><WallEn i="19936"/><WallEn i="19937"/><WallEn i="19938"/><WallEn i="19939"/><WallEn i="19940"/><WallEn i="19941"/><WallEn i="19975"/><WallEn i="19976"/><WallEn i="19977"/><WallEn i="19982"/><WallEn i="19986"/><WallEn i="20107"/><WallEn i="20111"/><WallEn i="20132"/><WallEn i="20133"/><WallEn i="20177"/><WallEn i="20178"/><WallEn i="20179"/><WallEn i="20180"/><WallEn i="20182"/><WallEn i="20186"/><WallEn i="20307"/><WallEn i="20311"/><WallEn i="20323"/><WallEn i="20324"/><WallEn i="20325"/><WallEn i="20326"/><WallEn i="20327"/><WallEn i="20328"/><WallEn i="20329"/><WallEn i="20330"/><WallEn i="20331"/><WallEn i="20332"/><DoorEn i="20333" id="17496"/><WallEn i="20345"/><WallEn i="20346"/><WallEn i="20347"/><WallEn i="20348"/><WallEn i="20349"/><WallEn i="20350"/><WallEn i="20351"/><WallEn i="20352"/><WallEn i="20353"/><WallEn i="20354"/><WallEn i="20355"/><WallEn i="20356"/><WallEn i="20357"/><WallEn i="20358"/><WallEn i="20359"/><WallEn i="20360"/><WallEn i="20361"/><WallEn i="20362"/><WallEn i="20380"/><WallEn i="20381"/><WallEn i="20382"/><WallEn i="20386"/><WallEn i="20507"/><WallEn i="20511"/><WallEn i="20523"/><WallEn i="20536"/><WallEn i="20537"/><WallEn i="20538"/><WallEn i="20539"/><WallEn i="20540"/><WallEn i="20541"/><WallEn i="20542"/><WallEn i="20543"/><WallEn i="20544"/><WallEn i="20545"/><WallEn i="20562"/><WallEn i="20581"/><WallEn i="20582"/><WallEn i="20586"/><WallEn i="20707"/><WallEn i="20711"/><WallEn i="20723"/><WallEn i="20735"/><WallEn i="20736"/><WallEn i="20762"/><WallEn i="20763"/><WallEn i="20764"/><WallEn i="20765"/><WallEn i="20766"/><WallEn i="20767"/><WallEn i="20768"/><WallEn i="20782"/><WallEn i="20786"/><WallEn i="20907"/><WallEn i="20911"/><WallEn i="20923"/><WallEn i="20927"/><WallEn i="20928"/><WallEn i="20929"/><WallEn i="20930"/><WallEn i="20931"/><WallEn i="20932"/><WallEn i="20933"/><WallEn i="20934"/><WallEn i="20935"/><WallEn i="20968"/><WallEn i="20986"/><WallEn i="21107"/><WallEn i="21111"/><WallEn i="21123"/><RespawnEn i="21124" id="21124"/><RespawnEn i="21125" id="21124"/><RespawnEn i="21126" id="21124"/><WallEn i="21127"/><WallEn i="21168"/><WallEn i="21169"/><WallEn i="21170"/><WallEn i="21171"/><WallEn i="21172"/><WallEn i="21186"/><WallEn i="21298"/><WallEn i="21299"/><WallEn i="21300"/><WallEn i="21301"/><WallEn i="21302"/><WallEn i="21303"/><WallEn i="21304"/><WallEn i="21305"/><WallEn i="21306"/><WallEn i="21307"/><WallEn i="21311"/><WallEn i="21312"/><WallEn i="21313"/><WallEn i="21314"/><WallEn i="21315"/><WallEn i="21316"/><WallEn i="21317"/><WallEn i="21318"/><WallEn i="21319"/><WallEn i="21320"/><WallEn i="21321"/><WallEn i="21322"/><WallEn i="21323"/><WallEn i="21327"/><WallEn i="21328"/><WallEn i="21329"/><WallEn i="21330"/><WallEn i="21331"/><WallEn i="21332"/><WallEn i="21333"/><WallEn i="21334"/><WallEn i="21335"/><WallEn i="21336"/><WallEn i="21337"/><WallEn i="21372"/><WallEn i="21386"/><WallEn i="21498"/><WallEn i="21537"/><WallEn i="21544"/><WallEn i="21545"/><WallEn i="21546"/><WallEn i="21547"/><WallEn i="21548"/><WallEn i="21549"/><WallEn i="21550"/><WallEn i="21551"/><WallEn i="21552"/><WallEn i="21553"/><WallEn i="21554"/><WallEn i="21555"/><WallEn i="21556"/><WallEn i="21557"/><WallEn i="21558"/><WallEn i="21572"/><WallEn i="21573"/><WallEn i="21574"/><WallEn i="21575"/><WallEn i="21576"/><WallEn i="21586"/><WallEn i="21587"/><WallEn i="21588"/><WallEn i="21589"/><WallEn i="21698"/><WallEn i="21737"/><WallEn i="21744"/><WallEn i="21758"/><WallEn i="21776"/><WallEn i="21789"/><WallEn i="21898"/><WallEn i="21906"/><WallEn i="21907"/><WallEn i="21908"/><WallEn i="21909"/><WallEn i="21910"/><WallEn i="21911"/><WallEn i="21912"/><WallEn i="21937"/><WallEn i="21944"/><TorchEn i="21947" id="510"/><TorchEn i="21953" id="510"/><WallEn i="21958"/><WallEn i="21976"/><WallEn i="21977"/><WallEn i="21978"/><WallEn i="21979"/><WallEn i="21989"/><WallEn i="22098"/><WallEn i="22106"/><WallEn i="22112"/><WallEn i="22137"/><WallEn i="22144"/><TorchEn i="22146" id="510"/><TorchEn i="22150" id="510"/><TorchEn i="22154" id="510"/><WallEn i="22158"/><WallEn i="22179"/><WallEn i="22189"/><WallEn i="22298"/><WallEn i="22306"/><WallEn i="22312"/><WallEn i="22337"/><WallEn i="22344"/><TorchEn i="22349" id="510"/><TorchEn i="22356" id="510"/><WallEn i="22358"/><WallEn i="22379"/><WallEn i="22380"/><WallEn i="22381"/><WallEn i="22382"/><WallEn i="22383"/><WallEn i="22389"/><WallEn i="22498"/><WallEn i="22506"/><WallEn i="22512"/><WallEn i="22537"/><WallEn i="22544"/><TorchEn i="22548" id="22548"/><TorchEn i="22554" id="22548"/><WallEn i="22558"/><WallEn i="22583"/><WallEn i="22589"/><WallEn i="22698"/><WallEn i="22706"/><WallEn i="22712"/><RespawnEn i="22713" id="22713"/><WallEn i="22737"/><WallEn i="22738"/><WallEn i="22739"/><WallEn i="22740"/><WallEn i="22741"/><WallEn i="22742"/><WallEn i="22743"/><WallEn i="22744"/><RespawnEn i="22751" id="22751"/><WallEn i="22758"/><WallEn i="22783"/><WallEn i="22789"/><WallEn i="22898"/><TorchEn i="22909" id="504"/><RespawnEn i="22913" id="22713"/><DoorEn i="22940" id="23299"/><DoorEn i="22941" id="23299"/><RespawnEn i="22951" id="22751"/><WallEn i="22958"/><WallEn i="22959"/><WallEn i="22960"/><WallEn i="22961"/><WallEn i="22962"/><WallEn i="22963"/><WallEn i="22964"/><WallEn i="22965"/><WallEn i="22966"/><WallEn i="22967"/><WallEn i="22983"/><WallEn i="22986"/><WallEn i="22987"/><WallEn i="22988"/><WallEn i="22989"/><WallEn i="23098"/><RespawnEn i="23110" id="23110"/><RespawnEn i="23113" id="22713"/><TorchEn i="23114" id="23114"/><TorchEn i="23119" id="23119"/><TorchEn i="23125" id="23125"/><RespawnEn i="23126" id="23126"/><RespawnEn i="23151" id="22751"/><WallEn i="23167"/><WallEn i="23183"/><WallEn i="23186"/><WallEn i="23298"/><SwitchEn i="23299" id="23299"/><WallEn i="23367"/><WallEn i="23383"/><WallEn i="23386"/><WallEn i="23498"/><WallEn i="23499"/><WallEn i="23500"/><WallEn i="23501"/><WallEn i="23502"/><WallEn i="23503"/><WallEn i="23504"/><WallEn i="23505"/><WallEn i="23506"/><WallEn i="23507"/><WallEn i="23511"/><WallEn i="23512"/><WallEn i="23513"/><WallEn i="23514"/><WallEn i="23515"/><WallEn i="23516"/><WallEn i="23517"/><WallEn i="23518"/><WallEn i="23519"/><WallEn i="23520"/><WallEn i="23521"/><WallEn i="23522"/><WallEn i="23523"/><WallEn i="23524"/><WallEn i="23525"/><WallEn i="23526"/><WallEn i="23527"/><WallEn i="23528"/><WallEn i="23529"/><WallEn i="23530"/><WallEn i="23531"/><WallEn i="23532"/><WallEn i="23533"/><WallEn i="23534"/><WallEn i="23535"/><WallEn i="23536"/><WallEn i="23537"/><WallEn i="23538"/><WallEn i="23539"/><WallEn i="23540"/><WallEn i="23541"/><WallEn i="23542"/><WallEn i="23543"/><WallEn i="23544"/><WallEn i="23545"/><WallEn i="23546"/><WallEn i="23547"/><WallEn i="23548"/><WallEn i="23549"/><WallEn i="23550"/><WallEn i="23551"/><WallEn i="23552"/><WallEn i="23553"/><WallEn i="23554"/><WallEn i="23555"/><WallEn i="23556"/><WallEn i="23557"/><WallEn i="23558"/><WallEn i="23559"/><WallEn i="23560"/><WallEn i="23561"/><WallEn i="23562"/><WallEn i="23563"/><WallEn i="23567"/><WallEn i="23583"/><WallEn i="23586"/><WallEn i="23763"/><WallEn i="23767"/><WallEn i="23783"/><WallEn i="23786"/><TorchEn i="23909" id="23909"/><WallEn i="23963"/><WallEn i="23967"/><WallEn i="23982"/><WallEn i="23983"/><WallEn i="23986"/><WallEn i="23987"/><WallEn i="24163"/><WallEn i="24167"/><WallEn i="24182"/><WallEn i="24187"/><WallEn i="24363"/><WallEn i="24367"/><WallEn i="24382"/><SpikeEn i="24383"/><SpikeEn i="24384"/><SpikeEn i="24385"/><SpikeEn i="24386"/><WallEn i="24387"/><WallEn i="24563"/><WallEn i="24567"/><WallEn i="24582"/><WallEn i="24583"/><WallEn i="24584"/><WallEn i="24585"/><WallEn i="24586"/><WallEn i="24587"/><SpikeEn i="24707"/><SpikeEn i="24708"/><SpikeEn i="24709"/><SpikeEn i="24710"/><SpikeEn i="24711"/><WallEn i="24763"/><RespawnEn i="24764" id="24764"/><RespawnEn i="24765" id="24764"/><RespawnEn i="24766" id="24764"/><WallEn i="24767"/><WallEn i="24907"/><WallEn i="24908"/><WallEn i="24909"/><WallEn i="24910"/><WallEn i="24911"/><WallEn i="24963"/><WallEn i="24967"/><RespawnEn i="25107" id="0"/><RespawnEn i="25108" id="0"/><RespawnEn i="25109" id="0"/><RespawnEn i="25110" id="0"/><RespawnEn i="25111" id="0"/><RespawnEn i="25112" id="0"/><WallEn i="25163"/><WallEn i="25167"/><RespawnEn i="25307" id="0"/><RespawnEn i="25308" id="0"/><RespawnEn i="25309" id="0"/><RespawnEn i="25310" id="0"/><RespawnEn i="25311" id="0"/><WallEn i="25363"/><WallEn i="25367"/><WallEn i="25563"/><WallEn i="25567"/><WallEn i="25763"/><WallEn i="25767"/><WallEn i="25963"/><WallEn i="25967"/><WallEn i="26163"/><WallEn i="26167"/><WallEn i="26363"/><WallEn i="26367"/><WallEn i="26563"/><WallEn i="26567"/><WallEn i="26763"/><WallEn i="26767"/><WallEn i="26963"/><WallEn i="26967"/><WallEn i="27163"/><WallEn i="27167"/><WallEn i="27363"/><WallEn i="27367"/><WallEn i="27563"/><WallEn i="27567"/><TorchEn i="27571" id="520"/><WallEn i="27763"/><WallEn i="27767"/><WallEn i="27963"/><WallEn i="27967"/><WallEn i="27968"/><WallEn i="27969"/><RespawnEn i="27973" id="27973"/><TorchEn i="27975" id="520"/><TorchEn i="27980" id="520"/><TorchEn i="27985" id="520"/><TorchEn i="27990" id="520"/><TorchEn i="27995" id="520"/><WallEn i="28163"/><DoorEn i="28168" id="28566"/><RespawnEn i="28173" id="27973"/><WallEn i="28363"/><RespawnEn i="28373" id="27973"/><RespawnEn i="28375" id="28375"/><RespawnEn i="28384" id="28384"/><WallEn i="28563"/><SwitchEn i="28566" id="28566"/><WallEn i="28763"/><WallEn i="28764"/><WallEn i="28765"/><WallEn i="28766"/><WallEn i="28767"/><WallEn i="28768"/><WallEn i="28769"/><WallEn i="28770"/><WallEn i="28771"/><WallEn i="28772"/><WallEn i="28773"/><WallEn i="28774"/><WallEn i="28775"/><WallEn i="28776"/><WallEn i="28777"/><WallEn i="28778"/><WallEn i="28779"/><WallEn i="28780"/><WallEn i="28781"/><WallEn i="28782"/><WallEn i="28783"/><WallEn i="28784"/><WallEn i="28785"/><WallEn i="28786"/><WallEn i="28787"/><WallEn i="28788"/><WallEn i="28789"/><WallEn i="28790"/><WallEn i="28791"/><WallEn i="28792"/><WallEn i="28793"/><WallEn i="28794"/><WallEn i="28795"/><WallEn i="28796"/><WallEn i="28797"/><WallEn i="28798"/><WallEn i="28799"/></walls>
