<characters>
	<sprite name="woman" file="woman_02.png">
	
	
		
		<frame id = "0" x = "0" y = "0" w = "20" h = "40" time = "0" state = "STAND">
			<data velx = "0" vely = "0" />
			<next state="DEFAULT" id = "1"></next>
			<next state="FALLING" id = "301"></next>
			<next state="DEAD" id = "401" sound = "fall01.wav"></next>
			<next state = "CRAWL" id = "510"></next>
			<next state = "CRAWLING" id = "501"></next>
			<next state = "LEDGE" id = "601"></next>
			<next state = "GHOST" id = "701"></next>
			<next state = "SHADOWFALL" id = "801"></next>
		</frame>
		
		<frame id = "1" x = "0" y = "0" w = "20" h = "40" time = "1" state = "STAND">
			<data velx = "0" vely = "0" />
			<next state="DEFAULT" id = "0"></next>
			<next state="STAND" id = "1"></next>
			<next state="WALK" id = "101" time = "0"></next>
			<next state="JUMP" id = "201" time = "0" sound = "jump01.wav"></next>
			<next state="FALLING" id = "301" time = "0"></next>
		</frame>
		
		
		<frame id = "100" x = "0" y = "0" w = "20" h = "40" time = "3" state = "WALK">
			<data velx = "2.2" vely = "0" />
			<next state="WALK" id = "101"></next>
			<next state="DEFAULT" id = "0" time = "0"></next>
		</frame>
		<frame id = "101" x = "0" y = "40" w = "20" h = "40" time = "3" state = "WALK">
			<data velx = "2.2" vely = "0" />
			<next state="WALK" id = "102"></next>
			<next state="STAND" id = "0"></next>
			<next state="JUMP" id = "0" sound = "jump01.wav"></next>
			<next state="FALLING" id = "301" time = "0"></next>
			<next state="DEFAULT" id = "0" time = "0"></next>
		</frame>
		<frame id = "102" x = "0" y = "80" w = "20" h = "40" time = "3" state = "WALK">
			<data velx = "2.2" vely = "0" />
			<next state="WALK" id = "103"></next>
			<next state="STAND" id = "0"></next>
			<next state="JUMP" id = "0" sound = "jump01.wav"></next>
			<next state="FALLING" id = "301" time = "0"></next>
			<next state="DEFAULT" id = "0" time = "0"></next>
		</frame>
		<frame id = "103" x = "0" y = "120" w = "20" h = "40" time = "3" state = "WALK">
			<data velx = "2.2" vely = "0" />
			<next state="WALK" id = "104"></next>
			<next state="STAND" id = "0"></next>
			<next state="JUMP" id = "0" sound = "jump01.wav"></next>
			<next state="FALLING" id = "301" time = "0"></next>
			<next state="DEFAULT" id = "0" time = "0"></next>
		</frame>
		<frame id = "104" x = "0" y = "160" w = "20" h = "40" time = "3" state = "WALK">
			<data velx = "2.2" vely = "0" />
			<next state="WALK" id = "105"></next>
			<next state="STAND" id = "0"></next>
			<next state="JUMP" id = "0" sound = "jump01.wav"></next>
			<next state="FALLING" id = "301" time = "0"></next>
			<next state="DEFAULT" id = "0" time = "0"></next>
		</frame>
		<frame id = "105" x = "0" y = "200" w = "20" h = "40" time = "3" state = "WALK">
			<data velx = "2.2" vely = "0" />
			<next state="WALK" id = "100"></next>
			<next state="STAND" id = "1"></next>
			<next state="JUMP" id = "0" sound = "jump01.wav"></next>
			<next state="FALLING" id = "301" time = "0"></next>
			<next state="DEFAULT" id = "0" time = "0"></next>
			
		</frame>
		
		<frame id = "201" x = "20" y = "0" w = "20" h = "40" time = "2" state = "JUMP">
			<data velx = "3" vely = "-4" />
			<next state="JUMP" id = "202"></next>
			<next state="FALLING" id = "301" time = "0"></next>
			<next state="DEFAULT" id = "0" time = "0"></next>
		</frame>
		<frame id = "202" x = "20" y = "40" w = "20" h = "40" time = "2" state = "JUMP">
			<data velx = "4" vely = "-3" />
			<next state="JUMP" id = "203"></next>
			<next state="FALLING" id = "301" time = "0"></next>
			<next state="DEFAULT" id = "0" time = "0"></next>
		</frame>
		<frame id = "203" x = "20" y = "80" w = "20" h = "40" time = "1" state = "JUMP">
			<data velx = "5" vely = "-2" />
			<next state="JUMP" id = "204"></next>
			<next state="FALLING" id = "301" time = "0"></next>
			<next state="DEFAULT" id = "0" time = "0"></next>
		</frame>
		<frame id = "204" x = "20" y = "80" w = "20" h = "40" time = "1" state = "JUMP">
			<data velx = "5" vely = "-1" />
			<next state="JUMP" id = "205"></next>
			<next state="FALLING" id = "301" time = "0"></next>
			<next state="DEFAULT" id = "0" time = "0"></next>
		</frame>
		<frame id = "205" x = "20" y = "80" w = "20" h = "40" time = "1" state = "JUMP">
			<data velx = "5" vely = "0" />
			<next state="JUMP" id = "206"></next>
			<next state="FALLING" id = "301" time = "0"></next>
			<next state="DEFAULT" id = "0" time = "0"></next>
		</frame>
		<frame id = "206" x = "20" y = "80" w = "20" h = "40" time = "2" state = "JUMP">
			<data velx = "5" vely = "3" />
			<next state="JUMP" id = "210"></next>
			<next state="FALLING" id = "301" time = "0"></next>
			<next state="STAND" id = "1" time = "0" sound = "land02.wav"></next>
			<next state="DEFAULT" id = "0" time = "0"></next>
		</frame>
		<frame id = "210" x = "20" y = "80" w = "20" h = "40" time = "1" state = "JUMP">
			<data velx = "5" vely = "4" />
			<next state="JUMP" id = "210"></next>
			<next state="STAND" id = "1" time = "0" sound = "land02.wav"></next>
			<next state="FALLING" id = "301" time = "0"></next>
			<next state="DEFAULT" id = "0" time = "0"></next>
		</frame>
		<frame id = "251" x = "20" y = "120" w = "20" h = "40" time = "2" state = "LAND">
			<data velx = "5" vely = "0" />
			<next state="JUMP" id = "252"></next>
			<next state="FALLING" id = "301" time = "0"></next>
			<next state="DEFAULT" id = "0" time = "0"></next>
		</frame>
		<frame id = "252" x = "20" y = "160" w = "20" h = "40" time = "1" state = "LAND">
			<data velx = "5" vely = "0" />
			<next state="JUMP" id = "1"></next>
			<next state="FALLING" id = "301" time = "0"></next>
			<next state="DEFAULT" id = "0" time = "0"></next>
		</frame>
		
		
		<frame id = "301" x = "20" y = "80" w = "20" h = "40" time = "2" state = "FALLING">
			<data velx = "0" vely = "2" />
			<next state="DEFAULT" id = "0" ></next>
			<next state="STAND" id = "1"  sound = "land02.wav"></next>
			<next state="FALLING" id = "302" ></next>
		</frame>
		<frame id = "302" x = "20" y = "80" w = "20" h = "40" time = "2" state = "FALLING">
			<data velx = "0" vely = "5" />
			<next state="DEFAULT" id = "0"></next>
			<next state="STAND" id = "1"  sound = "land02.wav"></next>
			<next state="FALLING" id = "303"></next>
		</frame>
		<frame id = "303" x = "20" y = "80" w = "20" h = "40" time = "2" state = "FALLING">
			<data velx = "0" vely = "8" />
			<next state="DEFAULT" id = "0"></next>
			<next state="STAND" id = "1"  sound = "land02.wav"></next>
			<next state="FALLING" id = "303"></next>
		</frame>
		
		
		<frame id = "401" x = "40" y = "220" w = "40" h = "20" dx = "-10" dy = "30" hx = "-10" hy = "45" hw = "40" hh = "5" time = "33" state = "DEAD">
			<data velx = "0" vely = "5" />
			<next state="DEFAULT" id = "1" time = "1"></next>
			<next state="DEAD" id = "402"></next>
		</frame>
		<frame id = "402" x = "40" y = "220" w = "40" h = "20" dx = "-10" dy = "30" hx = "-10" hy = "45" hw = "40" hh = "5" time = "2" state = "REALLYDEAD">
			<data velx = "0" vely = "3" />
			<next state="DEFAULT" id = "1" time = "1"></next>
			<next state="DEAD" id = "402"></next>
		</frame>
		
		<frame id = "501" x = "40" y = "0"  w = "40" h = "20" dx = "-10" dy = "20" hx = "-10" hy = "20" hw = "40" hh = "20" time = "4" state = "CRAWLING">
			<data velx = ".8" vely = "0" />
			<next state = "DEFAULT" id = "0" time = "0"></next>
			<next state = "CRAWL" id = "510"></next>
			<next state = "CRAWLING" id = "502"></next>
		</frame>
		<frame id = "502" x = "40" y = "20"  w = "40" h = "20" dx = "-10" dy = "20" hx = "-10" hy = "20" hw = "40" hh = "20" time = "4" state = "CRAWLING">
			<data velx = ".8" vely = "0" />
			<next state = "DEFAULT" id = "0" time = "0"></next>
			<next state = "CRAWL" id = "510"></next>
			<next state = "CRAWLING" id = "503"></next>
		</frame>
		<frame id = "503" x = "40" y = "40"  w = "40" h = "20" dx = "-10" dy = "20" hx = "-10" hy = "20" hw = "40" hh = "20" time = "4" state = "CRAWLING">
			<data velx = ".8" vely = "0" />
			<next state = "DEFAULT" id = "0" time = "0"></next>
			<next state = "CRAWL" id = "510"></next>
			<next state = "CRAWLING" id = "504"></next>
		</frame>
		<frame id = "504" x = "40" y = "60"  w = "40" h = "20" dx = "-10" dy = "20" hx = "-10" hy = "20" hw = "40" hh = "20" time = "4" state = "CRAWLING">
			<data velx = ".8" vely = "0" />
			<next state = "DEFAULT" id = "0" time = "0"></next>
			<next state = "CRAWL" id = "510"></next>
			<next state = "CRAWLING" id = "505"></next>
		</frame>
		<frame id = "505" x = "40" y = "80"  w = "40" h = "20" dx = "-10" dy = "20" hx = "-10" hy = "20" hw = "40" hh = "20" time = "4" state = "CRAWLING">
			<data velx = ".8" vely = "0" />
			<next state = "DEFAULT" id = "0" time = "0"></next>
			<next state = "CRAWL" id = "510"></next>
			<next state = "CRAWLING" id = "506"></next>
		</frame>
		<frame id = "506" x = "40" y = "100"  w = "40" h = "20" dx = "-10" dy = "20" hx = "-10" hy = "20" hw = "40" hh = "20" time = "4" state = "CRAWLING">
			<data velx = ".8" vely = "0" />
			<next state = "DEFAULT" id = "0" time = "0"></next>
			<next state = "CRAWL" id = "510"></next>
			<next state = "CRAWLING" id = "501"></next>
		</frame>
		<frame id = "510" x = "40" y = "0"  w = "40" h = "20" dx = "-10" dy = "20" hx = "-10" hy = "20" hw = "40" hh = "20" time = "4" state = "CRAWL">
			<data velx = "0" vely = "0" />
			<next state = "DEFAULT" id = "0" time = "0"></next>
			<next state = "CRAWL" id = "510"></next>
			<next state = "CRAWLING" id = "502"></next>
		</frame>
		
		
		<frame id = "601" x = "80" y = "0"  w = "40" h = "40" dx = "-10" dy = "20" hx = "0" hy = "0" hw = "20" hh = "40" time = "3" state = "LEDGE">
			<data velx = "0" vely = "0" />
			<next state = "DEFAULT" id = "602"></next>
		</frame>
		<frame id = "602" x = "80" y = "40"  w = "40" h = "40" dx = "-10" dy = "20" hx = "0" hy = "0" hw = "20" hh = "40" time = "3" state = "LEDGE">
			<data velx = "0" vely = "0" />
			<next state = "DEFAULT" id = "603"></next>
		</frame>
		<frame id = "603" x = "80" y = "80"  w = "40" h = "40" dx = "-10" dy = "20" hx = "0" hy = "0" hw = "20" hh = "40" time = "3" state = "LEDGE">
			<data velx = "0" vely = "0" />
			<next state = "DEFAULT" id = "604"></next>
		</frame>
		<frame id = "604" x = "80" y = "120"  w = "40" h = "40" dx = "-10" dy = "20" hx = "0" hy = "0" hw = "20" hh = "40" time = "3" state = "LEDGE">
			<data velx = "0" vely = "0" />
			<next state = "DEFAULT" id = "605"></next>
		</frame>
		<frame id = "605" x = "80" y = "160"  w = "40" h = "40" dx = "-10" dy = "20" hx = "0" hy = "0" hw = "20" hh = "40" time = "3" state = "LEDGE">
			<data velx = "0" vely = "0" />
			<next state = "DEFAULT" id = "606"></next>
		</frame>
		<frame id = "606" x = "80" y = "200"  w = "40" h = "40" dx = "-10" dy = "20" hx = "0" hy = "0" hw = "20" hh = "40" time = "3" state = "LEDGE">
			<data velx = "0" vely = "0" />
			<next state = "DEFAULT" id = "607"></next>
		</frame>
		<frame id = "607" x = "80" y = "240"  w = "40" h = "40" dx = "-10" dy = "20" hx = "0" hy = "0" hw = "20" hh = "40" time = "3" state = "LEDGE">
			<data velx = "0" vely = "0" />
			<next state = "DEFAULT" id = "608"></next>
		</frame>
		<frame id = "608" x = "80" y = "280"  w = "40" h = "40" dx = "-10" dy = "20" hx = "0" hy = "0" hw = "20" hh = "40" time = "3" state = "LEDGE">
			<data velx = "0" vely = "0" />
			<next state = "DEFAULT" id = "609"></next>
		</frame>
		<frame id = "609" x = "80" y = "320"  w = "40" h = "40" dx = "-10" dy = "20" hx = "0" hy = "0" hw = "20" hh = "40" time = "3" state = "LEDGE">
			<data velx = "0" vely = "0" />
			<next state = "DEFAULT" id = "0"></next>
		</frame>
		
		<frame id = "701" x = "0" y = "0" w = "0" h = "0" time = "5" state = "GHOST">
			<data velx = "0" vely = "0" />
			<next state="DEFAULT" id = "701"></next>
			<next state="GHOST" id = "701"></next>
		</frame>
		
		<frame id = "801" x = "160" y = "0" w = "20" h = "40" time = "15" state = "SHADOWFALLWAIT">
			<data velx = "0" vely = "0" />
			<next state="SHADOWFALL" id = "802"></next>
			<next state="DEFAULT" id = "0" time = "0"></next>
		</frame>
		<frame id = "802" x = "160" y = "0" w = "20" h = "40" time = "2" state = "SHADOWFALL">
			<data velx = "-1" vely = "0" />
			<next state="SHADOWFALL" id = "803"></next>
			<next state="DEFAULT" id = "0" time = "0"></next>
		</frame>
		<frame id = "803" x = "160" y = "40" w = "20" h = "40" time = "2" state = "SHADOWFALL">
			<data velx = "-1" vely = "0" />
			<next state="SHADOWFALL" id = "804"></next>
			<next state="DEFAULT" id = "0" time = "0"></next>
		</frame>
		<frame id = "804" x = "160" y = "80" w = "20" h = "40" time = "2" state = "SHADOWFALL">
			<data velx = "-1" vely = "0" />
			<next state="SHADOWFALL" id = "805"></next>
			<next state="DEFAULT" id = "0" time = "0"></next>
		</frame>
		<frame id = "805" x = "160" y = "120" w = "20" h = "40" time = "2" state = "SHADOWFALL">
			<data velx = "-1" vely = "0" />
			<next state="SHADOWFALL" id = "806"></next>
			<next state="DEFAULT" id = "0" time = "0"></next>
		</frame>
		<frame id = "806" x = "160" y = "160" w = "20" h = "40" time = "2" state = "SHADOWFALL">
			<data velx = "-1" vely = "0" />
			<next state="SHADOWFALL" id = "807"></next>
			<next state="DEFAULT" id = "0" time = "0"></next>
		</frame>
		<frame id = "807" x = "160" y = "200" w = "20" h = "40" time = "2" state = "SHADOWFALL">
			<data velx = "-1" vely = "0" />
			<next state="SHADOWFALL" id = "808"></next>
			<next state="DEFAULT" id = "0" time = "0"></next>
		</frame>
		<frame id = "808" x = "160" y = "200" w = "20" h = "40" time = "1" state = "SHADOWFALL">
			<data velx = "0" vely = "0" />
			<next state="SHADOWFALL" id = "851"></next>
			<next state="DEFAULT" id = "0" time = "0"></next>
		</frame>
		<frame id = "851" x = "120" y = "40" w = "40" h = "40" dx = "-25" dy = "0" time = "2" state = "SHADOWFALL">
			<data velx = "0" vely = "0" />
			<next state="SHADOWFALL" id = "852"></next>
			<next state="DEFAULT" id = "0" time = "0"></next>
		</frame>
		<frame id = "852" x = "120" y = "80" w = "40" h = "40" dx = "-25" dy = "0" time = "2" state = "SHADOWFALL">
			<data velx = "0" vely = "0" />
			<next state="SHADOWFALL" id = "853"></next>
			<next state="DEFAULT" id = "0" time = "0"></next>
		</frame>
		<frame id = "853" x = "120" y = "120" w = "40" h = "40" dx = "-25" dy = "0" time = "2" state = "SHADOWFALL">
			<data velx = "0" vely = "0" />
			<next state="SHADOWFALL" id = "854"></next>
			<next state="DEFAULT" id = "0" time = "0"></next>
		</frame>
		<frame id = "854" x = "120" y = "160" w = "40" h = "40" dx = "-25" dy = "0" time = "2" state = "SHADOWFALL">
			<data velx = "0" vely = "0" />
			<next state="SHADOWFALL" id = "855"></next>
			<next state="DEFAULT" id = "0" time = "0"></next>
		</frame>
		<frame id = "855" x = "120" y = "200" w = "40" h = "40" dx = "-25" dy = "0" time = "2" state = "SHADOWFALL">
			<data velx = "0" vely = "0" />
			<next state="SHADOWFALL" id = "856"></next>
			<next state="DEFAULT" id = "0" time = "0"></next>
		</frame>
		<frame id = "856" x = "120" y = "240" w = "40" h = "40" dx = "-25" dy = "0" time = "2" state = "SHADOWFALL">
			<data velx = "0" vely = "0" />
			<next state="SHADOWFALL" id = "857"></next>
			<next state="DEFAULT" id = "0" time = "0"></next>
		</frame>
		<frame id = "857" x = "120" y = "280" w = "40" h = "40" dx = "-10" dy = "20" hx = "0" hy = "0" hw = "20" hh = "40" time = "1" state = "SHADOWFALL">
			<data velx = "-15" vely = "0" />
			<next state="SHADOWFALL" id = "858"></next>
			<next state="DEFAULT" id = "858" time = "1"></next>
		</frame>
		<frame id = "858" x = "120" y = "280" w = "40" h = "40" dx = "-10" dy = "20" hx = "0" hy = "0" hw = "20" hh = "40" time = "2" state = "SHADOWFALL">
			<data velx = "0" vely = "5" />
			<next state="SHADOWFALL" id = "858"></next>
			<next state="DEFAULT" id = "858" time = "5"></next>
			<next state="DEAD" id = "0" time = "0"></next>
		</frame>
	</sprite>
	
	
	
	<sprite name="man" file="man_sheet_01.png">
		<frame id = "1" x = "0" y = "0" w = "20" h = "40" time = "1" state = "STAND">
			<data velx = "0" vely = "0" />
			<next state="DEFAULT" id = "1" />
			<next state="WALK" id = "101" time = "0"></next>
			<next state="STAND" id = "1"></next>
			<next state="JUMP" id = "201" time = "0"  sound = "jump01.wav"></next>
			<next state ="DEAD" id = "401" sound = "fall01.wav" time = "0"></next>
			<next state="FALLING" id = "301" time = "0"></next>
			<next state="SLOWWALK" id = "499" time = "0"></next>
		</frame>
		<frame id = "0" x = "0" y = "0" w = "20" h = "40" time = "0" state = "STAND">
			<data velx = "0" vely = "0" />
			<next state="DEFAULT" id = "1" time = "1"></next>
			<next state="FALLING" id = "301"></next>
			<next state ="DEAD" id = "401" sound = "fall01.wav"></next>
			<next state="SLOWWALK" id = "499" time = "0"></next>
		</frame>
		
		<frame id = "100" x = "20" y = "0" w = "20" h = "40" time = "2" state = "WALK">
			<data velx = "4" vely = "0" />
			<next state="WALK" id = "101"></next>
			<next state="DEFAULT" id = "0"></next>
			<next state="STAND" id = "0"></next>
			<next state="JUMP" id = "0" sound = "jump01.wav"></next>
			<next state="FALLING" id = "301" time = "0"></next>
		</frame>
		<frame id = "101" x = "20" y = "40" w = "20" h = "40" time = "2" state = "WALK">
			<data velx = "4" vely = "0" />
			<next state="WALK" id = "102"></next>
			<next state="DEFAULT" id = "0"></next>
			<next state="STAND" id = "0"></next>
			<next state="JUMP" id = "0" sound = "jump01.wav"></next>
			<next state="FALLING" id = "301" time = "0"></next>
		</frame>
		<frame id = "102" x = "20" y = "80" w = "20" h = "40" time = "2" state = "WALK">
			<data velx = "4" vely = "0" />
			<next state="DEFAULT" id = "0"></next>
			<next state="WALK" id = "103"></next>
			<next state="STAND" id = "0"></next>
			<next state="JUMP" id = "0" sound = "jump01.wav"></next>
			<next state="FALLING" id = "301" time = "0"></next>
		</frame>
		<frame id = "103" x = "20" y = "120" w = "20" h = "40" time = "2" state = "WALK">
			<data velx = "4" vely = "0" />
			<next state="DEFAULT" id = "0"></next>
			<next state="WALK" id = "104"></next>
			<next state="STAND" id = "0"></next>
			<next state="JUMP" id = "0" sound = "jump01.wav"></next>
			<next state="FALLING" id = "301" time = "0"></next>
		</frame>
		<frame id = "104" x = "20" y = "160" w = "20" h = "40" time = "2" state = "WALK">
			<data velx = "4" vely = "0" />
			<next state="DEFAULT" id = "0"></next>
			<next state="WALK" id = "105"></next>
			<next state="STAND" id = "0"></next>
			<next state="JUMP" id = "0" sound = "jump01.wav"></next>
			<next state="FALLING" id = "301" time = "0"></next>
		</frame>
		<frame id = "105" x = "20" y = "200" w = "20" h = "40" time = "4" state = "WALK">
			<data velx = "4" vely = "0" />
			<next state="DEFAULT" id = "0"></next>
			<next state="STAND" id = "0"></next>
			<next state="JUMP" id = "0" sound = "jump01.wav"></next>
			<next state="FALLING" id = "301" time = "0"></next>
			<next state="WALK" id = "106"></next>
		</frame>
		<frame id = "106" x = "20" y = "240" w = "20" h = "40" time = "2" state = "WALK">
			<data velx = "4" vely = "0" />
			<next state="DEFAULT" id = "0"></next>
			<next state="STAND" id = "0"></next>
			<next state="JUMP" id = "0" sound = "jump01.wav"></next>
			<next state="FALLING" id = "301" time = "0"></next>
			<next state="WALK" id = "107"></next>
		</frame>
		<frame id = "107" x = "20" y = "280" w = "20" h = "40" time = "2" state = "WALK">
			<data velx = "4" vely = "0" />
			<next state="DEFAULT" id = "0"></next>
			<next state="STAND" id = "0"></next>
			<next state="JUMP" id = "0" sound = "jump01.wav"></next>
			<next state="FALLING" id = "301" time = "0"></next>
			<next state="WALK" id = "108"></next>
		</frame>
		<frame id = "108" x = "20" y = "320" w = "20" h = "40" time = "2" state = "WALK">
			<data velx = "4" vely = "0" />
			<next state="DEFAULT" id = "0"></next>
			<next state="STAND" id = "0"></next>
			<next state="JUMP" id = "0" sound = "jump01.wav"></next>
			<next state="FALLING" id = "301" time = "0"></next>
			<next state="WALK" id = "109"></next>
		</frame>
		<frame id = "109" x = "20" y = "360" w = "20" h = "40" time = "2" state = "WALK">
			<data velx = "4" vely = "0" />
			<next state="DEFAULT" id = "0"></next>
			<next state="WALK" id = "100"></next>
			<next state="STAND" id = "0"></next>
			<next state="JUMP" id = "0" sound = "jump01.wav"></next>
			<next state="FALLING" id = "301" time = "0"></next>
			<next state="WALK" id = "1"></next>
		</frame>
		
		
		
		<frame id = "200" x = "40" y = "40" w = "20" h = "40" time = "2" state = "JUMP">
			<data velx = "0" vely = "0" />
			<next state="DEFAULT" id = "0"></next>
			<next state="JUMP" id = "202"></next>
			<next state="FALLING" id = "301" time = "0"></next>
		</frame>
		<frame id = "202" x = "40" y = "80" w = "20" h = "40" time = "2" state = "JUMP">
			<data velx = "0" vely = "0" />
			<next state="DEFAULT" id = "0"></next>
			<next state="JUMP" id = "203"></next>
			<next state="FALLING" id = "301" time = "0"></next>
		</frame>
		<frame id = "203" x = "40" y = "120" w = "20" h = "40" time = "2" state = "JUMP">
			<data velx = "0" vely = "0" />
			<next state="DEFAULT" id = "0"></next>
			<next state="JUMP" id = "204"></next>
			<next state="FALLING" id = "301" time = "0"></next>
		</frame>
		<frame id = "201" x = "40" y = "160" w = "20" h = "40" time = "2" state = "JUMP">
			<data velx = "2" vely = "-6" />
			<next state="DEFAULT" id = "0"></next>
			<next state="JUMP" id = "205"></next>
			<next state="FALLING" id = "301" time = "0"></next>
		</frame>
		<frame id = "205" x = "40" y = "200" w = "20" h = "40" time = "4" state = "JUMP">
			<data velx = "4" vely = "-10" />
			<next state="DEFAULT" id = "0"></next>
			<next state="JUMP" id = "206"></next>
			<next state="FALLING" id = "301" time = "0"></next>
		</frame>
		<frame id = "206" x = "40" y = "240" w = "20" h = "40" time = "2" state = "JUMP">
			<data velx = "5" vely = "-4" />
			<next state="DEFAULT" id = "0"></next>
			<next state="JUMP" id = "207"></next>
			<next state="FALLING" id = "301" time = "0"></next>
			<next state="STAND" id = "1" time = "0" sound = "land02.wav"></next>
		</frame>
		<frame id = "207" x = "40" y = "240" w = "20" h = "40" time = "2" state = "JUMP">
			<data velx = "5" vely = "0" />
			<next state="DEFAULT" id = "0"></next>
			<next state="JUMP" id = "210"></next>
			<next state="FALLING" id = "301" time = "0"></next>
			<next state="STAND" id = "1" time = "0" sound = "land02.wav"></next>
		</frame>
		<frame id = "210" x = "40" y = "240" w = "20" h = "40" time = "2" state = "JUMP">
			<data velx = "4" vely = "4" />
			<next state="DEFAULT" id = "0"></next>
			<next state="JUMP" id = "210"></next>
			<next state="STAND" id = "1" time = "0" sound = "land02.wav"></next>
			<next state="FALLING" id = "301" time = "0"></next>
		</frame>
		<frame id = "251" x = "40" y = "240" w = "20" h = "40" time = "2" state = "LAND">
			<data velx = "3" vely = "1" />
			<next state="DEFAULT" id = "0"></next>
			<next state="JUMP" id = "252"></next>
			<next state="FALLING" id = "301" time = "0"></next>
		</frame>
		<frame id = "252" x = "40" y = "240" w = "20" h = "40" time = "1" state = "LAND">
			<data velx = "4" vely = "10" />
			<next state="DEFAULT" id = "0"></next>
			<next state="JUMP" id = "1"></next>
			<next state="FALLING" id = "301" time = "0"></next>
		</frame>
		
		
		<frame id = "301" x = "20" y = "40" w = "20" h = "40" time = "2" state = "FALLING">
			<data velx = "0" vely = "2" />
			<next state="DEFAULT" id = "0"></next>
			<next state="STAND" id = "1"  sound = "land02.wav"></next>
			<next state="FALLING" id = "302"></next>
		</frame>
		<frame id = "302" x = "20" y = "40" w = "20" h = "40" time = "2" state = "FALLING">
			<data velx = "0" vely = "5" />
			<next state="DEFAULT" id = "0"></next>
			<next state="STAND" id = "1"  sound = "land02.wav"></next>
			<next state="FALLING" id = "303"></next>
		</frame>
		<frame id = "303" x = "20" y = "40" w = "20" h = "40" time = "2" state = "FALLING">
			<data velx = "0" vely = "8" />
			<next state="DEFAULT" id = "0"></next>
			<next state="STAND" id = "1"  sound = "land02.wav"></next>
			<next state="FALLING" id = "303"></next>
		</frame>
		
		<frame id = "401" x = "60" y = "0" w = "40" h = "20" dx = "-10" dy = "30" hx = "-10" hy = "45" hw = "40" hh = "5" time = "33" state = "DEAD">
			<data velx = "0" vely = "10" />
			<next state="DEFAULT" id = "1" time = "1"></next>
			<next state="DEAD" id = "402"></next>
		</frame>
		<frame id = "402" x = "60" y = "0" w = "40" h = "20" dx = "-10" dy = "30" hx = "-10" hy = "45" hw = "40" hh = "5" time = "80" state = "REALLYDEAD">
			<data velx = "0" vely = "3" />
			<next state="DEFAULT" id = "1" time = "1"></next>
			<next state="DEAD" id = "403"></next>
		</frame>
		<frame id = "403" x = "60" y = "0" w = "1" h = "1" dx = "-10" dy = "30" hx = "-10" hy = "45" hw = "40" hh = "5" time = "2" state = "REALLYREALLYDEAD">
			<data velx = "0" vely = "3" />
			<next state="DEFAULT" id = "1" time = "1"></next>
			<next state="DEAD" id = "403"></next>
		</frame>
		
		
		
		<frame id = "499" x = "0" y = "0" w = "20" h = "40" time = "66" state = "SLOWWALKWAIT">
			<data velx = "0" vely = "4" />
			<next state="DEFAULT" id = "1" />
			<next state="SLOWWALK" id = "500"/>
		</frame>
		<frame id = "500" x = "20" y = "0" w = "20" h = "40" time = "2" state = "SLOWWALK">
			<data velx = "2.2" vely = "0" />
			<next state="SLOWWALK" id = "501"></next>
			<next state="DEFAULT" id = "0"></next>
		</frame>
		<frame id = "501" x = "20" y = "40" w = "20" h = "40" time = "2" state = "SLOWWALK">
			<data velx = "2.2" vely = "0" />
			<next state="SLOWWALK" id = "502"></next>
			<next state="DEFAULT" id = "0"></next>
		</frame>
		<frame id = "502" x = "20" y = "80" w = "20" h = "40" time = "2" state = "SLOWWALK">
			<data velx = "2.2" vely = "0" />
			<next state="DEFAULT" id = "0"></next>
			<next state="SLOWWALK" id = "503"></next>
		</frame>
		<frame id = "503" x = "20" y = "120" w = "20" h = "40" time = "2" state = "SLOWWALK">
			<data velx = "2.2" vely = "0" />
			<next state="DEFAULT" id = "0"></next>
			<next state="SLOWWALK" id = "504"></next>
		</frame>
		<frame id = "504" x = "20" y = "160" w = "20" h = "40" time = "2" state = "SLOWWALK">
			<data velx = "2.2" vely = "0" />
			<next state="DEFAULT" id = "0"></next>
			<next state="SLOWWALK" id = "505"></next>
		</frame>
		<frame id = "505" x = "20" y = "200" w = "20" h = "40" time = "2" state = "SLOWWALK">
			<data velx = "2.2" vely = "0" />
			<next state="DEFAULT" id = "0"></next>
			<next state="SLOWWALK" id = "506"></next>
		</frame>
		<frame id = "506" x = "20" y = "240" w = "20" h = "40" time = "2" state = "SLOWWALK">
			<data velx = "2.2" vely = "0" />
			<next state="DEFAULT" id = "0"></next>
			<next state="SLOWWALK" id = "507"></next>
		</frame>
		<frame id = "507" x = "20" y = "280" w = "20" h = "40" time = "2" state = "SLOWWALK">
			<data velx = "2.2" vely = "0" />
			<next state="DEFAULT" id = "0"></next>
			<next state="SLOWWALK" id = "508"></next>
		</frame>
		<frame id = "508" x = "20" y = "320" w = "20" h = "40" time = "2" state = "SLOWWALK">
			<data velx = "2.2" vely = "0" />
			<next state="DEFAULT" id = "0"></next>
			<next state="SLOWWALK" id = "509"></next>
		</frame>
		<frame id = "509" x = "20" y = "360" w = "20" h = "40" time = "2" state = "SLOWWALK">
			<data velx = "2.2" vely = "0" />
			<next state="DEFAULT" id = "0"></next>
			<next state="SLOWWALK" id = "500"></next>
		</frame>
	</sprite>
</characters>
