<list>
	<entity type="Player" x="50" y="50"></entity>
	<entity type="SolidEntity" x="0" y="0" w="50" h="50" img="stage_tiles01.bmp"></entity>	
	<entity type="SolidEntity" x="0" y="0" w="50" h="50" img="stage_tiles02.bmp"></entity>
	<entity type="SolidEntity" x="0" y="0" w="50" h="50" img="stage_tiles03.bmp"></entity>
	<entity type="SolidEntity" x="0" y="0" w="50" h="50" img="stage_tiles04.bmp"></entity>
	<entity type="SolidEntity" x="0" y="0" w="25" h="25" img="tile.bmp"></entity>
</list>