

<level id="1">
	<entity type="Network" server="True" />
	<entity type = "MenuEn" />
	<entity type = "EffectMenu" />
	<!--
	<entity h="25" img="tile.bmp" type="SolidEntity" w="25" x="50" y="0"/>
	<entity h="25" img="tile.bmp" type="SolidEntity" w="25" x="75" y="0"/>
	<entity h="25" img="tile.bmp" type="SolidEntity" w="25" x="25" y="0"/>
	<entity h="25" img="tile.bmp" type="SolidEntity" w="25" x="0" y="25"/>
	<entity h="25" img="tile.bmp" type="SolidEntity" w="25" x="0" y="50"/>
	<entity h="25" img="tile.bmp" type="SolidEntity" w="25" x="0" y="75"/>
	<entity h="25" img="tile.bmp" type="SolidEntity" w="25" x="0" y="100"/>
	<entity h="25" img="tile.bmp" type="SolidEntity" w="25" x="0" y="125"/>
	<entity h="25" img="tile.bmp" type="SolidEntity" w="25" x="0" y="150"/>
	<entity h="25" img="tile.bmp" type="SolidEntity" w="25" x="0" y="175"/>
	<entity h="25" img="tile.bmp" type="SolidEntity" w="25" x="0" y="200"/>
	<entity h="25" img="tile.bmp" type="SolidEntity" w="25" x="0" y="250"/>
	<entity h="25" img="tile.bmp" type="SolidEntity" w="25" x="0" y="225"/>
	<entity h="25" img="tile.bmp" type="SolidEntity" w="25" x="0" y="275"/>
	<entity h="25" img="tile.bmp" type="SolidEntity" w="25" x="0" y="300"/>
	<entity h="25" img="tile.bmp" type="SolidEntity" w="25" x="0" y="350"/>
	<entity h="25" img="tile.bmp" type="SolidEntity" w="25" x="0" y="325"/>
	<entity h="25" img="tile.bmp" type="SolidEntity" w="25" x="0" y="375"/>
	<entity h="25" img="tile.bmp" type="SolidEntity" w="25" x="0" y="400"/>
	<entity h="25" img="tile.bmp" type="SolidEntity" w="25" x="0" y="425"/>
	<entity h="25" img="tile.bmp" type="SolidEntity" w="25" x="0" y="450"/>
	<entity h="25" img="tile.bmp" type="SolidEntity" w="25" x="25" y="450"/>
	<entity h="25" img="tile.bmp" type="SolidEntity" w="25" x="50" y="450"/>
	<entity h="25" img="tile.bmp" type="SolidEntity" w="25" x="75" y="450"/>
	<entity h="25" img="tile.bmp" type="SolidEntity" w="25" x="100" y="450"/>
	<entity h="25" img="tile.bmp" type="SolidEntity" w="25" x="125" y="450"/>
	<entity h="25" img="tile.bmp" type="SolidEntity" w="25" x="175" y="450"/>
	<entity h="25" img="tile.bmp" type="SolidEntity" w="25" x="150" y="450"/>
	<entity h="25" img="tile.bmp" type="SolidEntity" w="25" x="200" y="450"/>
	<entity h="25" img="tile.bmp" type="SolidEntity" w="25" x="225" y="450"/>
	<entity h="25" img="tile.bmp" type="SolidEntity" w="25" x="275" y="450"/>
	<entity h="25" img="tile.bmp" type="SolidEntity" w="25" x="250" y="450"/>
	<entity h="25" img="tile.bmp" type="SolidEntity" w="25" x="300" y="450"/>
	<entity h="25" img="tile.bmp" type="SolidEntity" w="25" x="325" y="450"/>
	<entity h="25" img="tile.bmp" type="SolidEntity" w="25" x="375" y="450"/>
	<entity h="25" img="tile.bmp" type="SolidEntity" w="25" x="350" y="450"/>
	<entity h="25" img="tile.bmp" type="SolidEntity" w="25" x="400" y="450"/>
	<entity h="25" img="tile.bmp" type="SolidEntity" w="25" x="425" y="450"/>
	<entity h="25" img="tile.bmp" type="SolidEntity" w="25" x="450" y="450"/>
	<entity h="25" img="tile.bmp" type="SolidEntity" w="25" x="500" y="450"/>
	<entity h="25" img="tile.bmp" type="SolidEntity" w="25" x="475" y="450"/>
	<entity h="25" img="tile.bmp" type="SolidEntity" w="25" x="100" y="0"/>
	<entity h="25" img="tile.bmp" type="SolidEntity" w="25" x="125" y="0"/>
	<entity h="25" img="tile.bmp" type="SolidEntity" w="25" x="150" y="0"/>
	<entity h="25" img="tile.bmp" type="SolidEntity" w="25" x="175" y="0"/>
	<entity h="25" img="tile.bmp" type="SolidEntity" w="25" x="200" y="0"/>
	<entity h="25" img="tile.bmp" type="SolidEntity" w="25" x="225" y="0"/>
	<entity h="25" img="tile.bmp" type="SolidEntity" w="25" x="250" y="0"/>
	<entity h="25" img="tile.bmp" type="SolidEntity" w="25" x="275" y="0"/>
	<entity h="25" img="tile.bmp" type="SolidEntity" w="25" x="275" y="25"/>
	<entity h="25" img="tile.bmp" type="SolidEntity" w="25" x="275" y="50"/>
	<entity h="25" img="tile.bmp" type="SolidEntity" w="25" x="275" y="100"/>
	<entity h="25" img="tile.bmp" type="SolidEntity" w="25" x="275" y="75"/>
	<entity type="Player" x="800" y="700"/>
	<entity h="25" img="tile.bmp" type="SolidEntity" w="25" x="350" y="425"/>
	<entity h="25" img="tile.bmp" type="SolidEntity" w="25" x="325" y="400"/>
	<entity h="25" img="tile.bmp" type="SolidEntity" w="25" x="300" y="400"/>
	<entity h="25" img="tile.bmp" type="SolidEntity" w="25" x="275" y="375"/>
	<entity h="25" img="tile.bmp" type="SolidEntity" w="25" x="250" y="375"/>
	<entity h="25" img="tile.bmp" type="SolidEntity" w="25" x="225" y="350"/>
	<entity h="25" img="tile.bmp" type="SolidEntity" w="25" x="200" y="350"/>
	<entity h="25" img="tile.bmp" type="SolidEntity" w="25" x="175" y="325"/>
	<entity h="25" img="tile.bmp" type="SolidEntity" w="25" x="150" y="325"/>
	<entity h="25" img="tile.bmp" type="SolidEntity" w="25" x="125" y="300"/>
	<entity h="25" img="tile.bmp" type="SolidEntity" w="25" x="100" y="300"/>
	<entity h="25" img="tile.bmp" type="SolidEntity" w="25" x="75" y="275"/>
	<entity h="25" img="tile.bmp" type="SolidEntity" w="25" x="50" y="275"/>
	<entity h="25" img="tile.bmp" type="SolidEntity" w="25" x="50" y="300"/>
	<entity h="25" img="tile.bmp" type="SolidEntity" w="25" x="75" y="300"/>
	<entity h="25" img="tile.bmp" type="SolidEntity" w="25" x="50" y="325"/>
	<entity h="25" img="tile.bmp" type="SolidEntity" w="25" x="50" y="350"/>
	<entity h="25" img="tile.bmp" type="SolidEntity" w="25" x="75" y="325"/>
	<entity h="25" img="tile.bmp" type="SolidEntity" w="25" x="100" y="325"/>
	<entity h="25" img="tile.bmp" type="SolidEntity" w="25" x="75" y="350"/>
	<entity h="25" img="tile.bmp" type="SolidEntity" w="25" x="50" y="375"/>
	<entity h="25" img="tile.bmp" type="SolidEntity" w="25" x="50" y="400"/>
	<entity h="25" img="tile.bmp" type="SolidEntity" w="25" x="50" y="425"/>
	<entity h="25" img="tile.bmp" type="SolidEntity" w="25" x="75" y="400"/>
	<entity h="25" img="tile.bmp" type="SolidEntity" w="25" x="75" y="375"/>
	<entity h="25" img="tile.bmp" type="SolidEntity" w="25" x="100" y="375"/>
	<entity h="25" img="tile.bmp" type="SolidEntity" w="25" x="100" y="350"/>
	<entity h="25" img="tile.bmp" type="SolidEntity" w="25" x="125" y="350"/>
	<entity h="25" img="tile.bmp" type="SolidEntity" w="25" x="125" y="325"/>
	<entity h="25" img="tile.bmp" type="SolidEntity" w="25" x="150" y="350"/>
	<entity h="25" img="tile.bmp" type="SolidEntity" w="25" x="175" y="350"/>
	<entity h="25" img="tile.bmp" type="SolidEntity" w="25" x="100" y="400"/>
	<entity h="25" img="tile.bmp" type="SolidEntity" w="25" x="75" y="425"/>
	<entity h="25" img="tile.bmp" type="SolidEntity" w="25" x="125" y="375"/>
	<entity h="25" img="tile.bmp" type="SolidEntity" w="25" x="150" y="375"/>
	<entity h="25" img="tile.bmp" type="SolidEntity" w="25" x="100" y="425"/>
	<entity h="25" img="tile.bmp" type="SolidEntity" w="25" x="150" y="425"/>
	<entity h="25" img="tile.bmp" type="SolidEntity" w="25" x="125" y="425"/>
	<entity h="25" img="tile.bmp" type="SolidEntity" w="25" x="125" y="400"/>
	<entity h="25" img="tile.bmp" type="SolidEntity" w="25" x="150" y="400"/>
	<entity h="25" img="tile.bmp" type="SolidEntity" w="25" x="175" y="375"/>
	<entity h="25" img="tile.bmp" type="SolidEntity" w="25" x="200" y="375"/>
	<entity h="25" img="tile.bmp" type="SolidEntity" w="25" x="225" y="375"/>
	<entity h="25" img="tile.bmp" type="SolidEntity" w="25" x="175" y="400"/>
	<entity h="25" img="tile.bmp" type="SolidEntity" w="25" x="175" y="425"/>
	<entity h="25" img="tile.bmp" type="SolidEntity" w="25" x="225" y="425"/>
	<entity h="25" img="tile.bmp" type="SolidEntity" w="25" x="200" y="400"/>
	<entity h="25" img="tile.bmp" type="SolidEntity" w="25" x="200" y="425"/>
	<entity h="25" img="tile.bmp" type="SolidEntity" w="25" x="225" y="400"/>
	<entity h="25" img="tile.bmp" type="SolidEntity" w="25" x="250" y="400"/>
	<entity h="25" img="tile.bmp" type="SolidEntity" w="25" x="275" y="400"/>
	<entity h="25" img="tile.bmp" type="SolidEntity" w="25" x="250" y="425"/>
	<entity h="25" img="tile.bmp" type="SolidEntity" w="25" x="275" y="425"/>
	<entity h="25" img="tile.bmp" type="SolidEntity" w="25" x="300" y="425"/>
	<entity h="25" img="tile.bmp" type="SolidEntity" w="25" x="325" y="425"/>
	<entity h="25" img="tile.bmp" type="SolidEntity" w="25" x="525" y="425"/>
	<entity h="25" img="tile.bmp" type="SolidEntity" w="25" x="525" y="425"/>
	<entity h="25" img="tile.bmp" type="SolidEntity" w="25" x="525" y="450"/>
	<entity h="25" img="tile.bmp" type="SolidEntity" w="25" x="550" y="450"/>
	<entity h="25" img="tile.bmp" type="SolidEntity" w="25" x="550" y="425"/>
	<entity h="25" img="tile.bmp" type="SolidEntity" w="25" x="600" y="425"/>
	<entity h="25" img="tile.bmp" type="SolidEntity" w="25" x="600" y="450"/>
	<entity h="25" img="tile.bmp" type="SolidEntity" w="25" x="675" y="425"/>
	<entity h="25" img="tile.bmp" type="SolidEntity" w="25" x="675" y="450"/>
	<entity h="25" img="tile.bmp" type="SolidEntity" w="25" x="575" y="425"/>
	<entity h="25" img="tile.bmp" type="SolidEntity" w="25" x="575" y="450"/>
	<entity h="25" img="tile.bmp" type="SolidEntity" w="25" x="775" y="425"/>
	<entity h="25" img="tile.bmp" type="SolidEntity" w="25" x="775" y="450"/>
	<entity h="25" img="tile.bmp" type="SolidEntity" w="25" x="775" y="400"/>
	<entity h="25" img="tile.bmp" type="SolidEntity" w="25" x="775" y="375"/>
	<entity h="25" img="tile.bmp" type="SolidEntity" w="25" x="775" y="350"/>
	<entity h="25" img="tile.bmp" type="SolidEntity" w="25" x="775" y="350"/>
	<entity h="25" img="tile.bmp" type="SolidEntity" w="25" x="750" y="400"/>
	<entity h="25" img="tile.bmp" type="SolidEntity" w="25" x="775" y="325"/>
	<entity h="25" img="tile.bmp" type="SolidEntity" w="25" x="775" y="325"/>
	<entity h="25" img="tile.bmp" type="SolidEntity" w="25" x="775" y="300"/>
	<entity h="25" img="tile.bmp" type="SolidEntity" w="25" x="775" y="275"/>
	<entity h="25" img="tile.bmp" type="SolidEntity" w="25" x="675" y="400"/>
	<entity h="25" img="tile.bmp" type="SolidEntity" w="25" x="600" y="400"/>
	<entity h="25" img="tile.bmp" type="SolidEntity" w="25" x="575" y="400"/>
	<entity h="25" img="tile.bmp" type="SolidEntity" w="25" x="750" y="375"/>
	<entity h="25" img="tile.bmp" type="SolidEntity" w="25" x="675" y="375"/>
	<entity h="25" img="tile.bmp" type="SolidEntity" w="25" x="750" y="350"/>
	<entity h="25" img="tile.bmp" type="SolidEntity" w="25" x="775" y="250"/>
	<entity h="25" img="tile.bmp" type="SolidEntity" w="25" x="775" y="225"/>
	<entity h="25" img="tile.bmp" type="SolidEntity" w="25" x="775" y="200"/>
	<entity h="25" img="tile.bmp" type="SolidEntity" w="25" x="775" y="175"/>
	<entity h="25" img="tile.bmp" type="SolidEntity" w="25" x="775" y="150"/>
	<entity h="25" img="tile.bmp" type="SolidEntity" w="25" x="300" y="100"/>
	<entity h="25" img="tile.bmp" type="SolidEntity" w="25" x="325" y="100"/>
	<entity h="25" img="tile.bmp" type="SolidEntity" w="25" x="325" y="75"/>
	<entity h="25" img="tile.bmp" type="SolidEntity" w="25" x="325" y="50"/>
	<entity h="25" img="tile.bmp" type="SolidEntity" w="25" x="325" y="25"/>
	<entity h="25" img="tile.bmp" type="SolidEntity" w="25" x="325" y="0"/>
	<entity h="25" img="tile.bmp" type="SolidEntity" w="25" x="400" y="0"/>
	<entity h="25" img="tile.bmp" type="SolidEntity" w="25" x="400" y="0"/>
	<entity h="25" img="tile.bmp" type="SolidEntity" w="25" x="375" y="0"/>
	<entity h="25" img="tile.bmp" type="SolidEntity" w="25" x="425" y="0"/>
	<entity h="25" img="tile.bmp" type="SolidEntity" w="25" x="425" y="25"/>
	<entity h="25" img="tile.bmp" type="SolidEntity" w="25" x="425" y="50"/>
	<entity h="25" img="tile.bmp" type="SolidEntity" w="25" x="400" y="50"/>
	<entity h="25" img="tile.bmp" type="SolidEntity" w="25" x="375" y="50"/>
	<entity h="25" img="tile.bmp" type="SolidEntity" w="25" x="375" y="75"/>
	<entity h="25" img="tile.bmp" type="SolidEntity" w="25" x="375" y="100"/>
	<entity h="25" img="tile.bmp" type="SolidEntity" w="25" x="400" y="100"/>
	<entity h="25" img="tile.bmp" type="SolidEntity" w="25" x="425" y="100"/>
	<entity h="25" img="tile.bmp" type="SolidEntity" w="25" x="500" y="0"/>
	<entity h="25" img="tile.bmp" type="SolidEntity" w="25" x="475" y="0"/>
	<entity h="25" img="tile.bmp" type="SolidEntity" w="25" x="475" y="25"/>
	<entity h="25" img="tile.bmp" type="SolidEntity" w="25" x="475" y="50"/>
	<entity h="25" img="tile.bmp" type="SolidEntity" w="25" x="475" y="75"/>
	<entity h="25" img="tile.bmp" type="SolidEntity" w="25" x="475" y="100"/>
	<entity h="25" img="tile.bmp" type="SolidEntity" w="25" x="500" y="100"/>
	<entity h="25" img="tile.bmp" type="SolidEntity" w="25" x="525" y="0"/>
	<entity h="25" img="tile.bmp" type="SolidEntity" w="25" x="525" y="100"/>
	<entity h="25" img="tile.bmp" type="SolidEntity" w="25" x="575" y="100"/>
	<entity h="25" img="tile.bmp" type="SolidEntity" w="25" x="575" y="75"/>
	<entity h="25" img="tile.bmp" type="SolidEntity" w="25" x="575" y="50"/>
	<entity h="25" img="tile.bmp" type="SolidEntity" w="25" x="575" y="25"/>
	<entity h="25" img="tile.bmp" type="SolidEntity" w="25" x="575" y="0"/>
	<entity h="25" img="tile.bmp" type="SolidEntity" w="25" x="600" y="0"/>
	<entity h="25" img="tile.bmp" type="SolidEntity" w="25" x="625" y="0"/>
	<entity h="25" img="tile.bmp" type="SolidEntity" w="25" x="625" y="25"/>
	<entity h="25" img="tile.bmp" type="SolidEntity" w="25" x="625" y="50"/>
	<entity h="25" img="tile.bmp" type="SolidEntity" w="25" x="625" y="75"/>
	<entity h="25" img="tile.bmp" type="SolidEntity" w="25" x="625" y="100"/>
	<entity h="25" img="tile.bmp" type="SolidEntity" w="25" x="600" y="50"/>
	<entity h="25" img="tile.bmp" type="SolidEntity" w="25" x="675" y="0"/>
	<entity h="25" img="tile.bmp" type="SolidEntity" w="25" x="675" y="25"/>
	<entity h="25" img="tile.bmp" type="SolidEntity" w="25" x="675" y="50"/>
	<entity h="25" img="tile.bmp" type="SolidEntity" w="25" x="675" y="75"/>
	<entity h="25" img="tile.bmp" type="SolidEntity" w="25" x="675" y="100"/>
	<entity h="25" img="tile.bmp" type="SolidEntity" w="25" x="700" y="0"/>
	<entity h="25" img="tile.bmp" type="SolidEntity" w="25" x="725" y="25"/>
	<entity h="25" img="tile.bmp" type="SolidEntity" w="25" x="725" y="50"/>
	<entity h="25" img="tile.bmp" type="SolidEntity" w="25" x="725" y="75"/>
	<entity h="25" img="tile.bmp" type="SolidEntity" w="25" x="725" y="100"/>
	<entity h="25" img="tile.bmp" type="SolidEntity" w="25" x="775" y="125"/>
	<entity h="25" img="tile.bmp" type="SolidEntity" w="25" x="775" y="100"/>
	<entity h="25" img="tile.bmp" type="SolidEntity" w="25" x="775" y="75"/>
	<entity h="25" img="tile.bmp" type="SolidEntity" w="25" x="775" y="50"/>
	<entity h="25" img="tile.bmp" type="SolidEntity" w="25" x="775" y="25"/>
	<entity h="25" img="tile.bmp" type="SolidEntity" w="25" x="775" y="0"/>
	<entity h="25" img="tile.bmp" type="SolidEntity" w="25" x="750" y="0"/>
	-->
</level>