<tiles>
	<sprite name = "wall" file = "wall01.png wall02.png wall03.png wall04.png" >
		<frame id = "1" x = "0" y = "0" w = "20" h = "20" time = "99">
			<next state = "DEFAULT" id = "1" />
			<next state = "DARK" id = "2" time = "0"/>
		</frame>
		<frame id = "2" x = "0" y = "20" w = "20" h = "20" time = "99">
			<next state = "DEFAULT" id = "2" />
			<next state = "LIGHT" id = "1" time = "0" />
		</frame>
	</sprite>
	<sprite name = "torch" file = "t1.png t2.png t3.png t4.png t5.png t6.png" >
		<frame id = "1" x = "0" y = "0" w = "20" h = "20" time = "99">
			<next state = "DEFAULT" id = "1" />
			<next state = "BURNING" id = "11" time = "0"/>
			<next state = "INSTRUCTION1" id = "101" time = "0" />
			<next state = "INSTRUCTION2" id = "102" time = "0" />
			<next state = "I1" id = "111" time = "0" />
			<next state = "I2" id = "112" time = "0" />
			<next state = "I3" id = "113" time = "0" />
			<next state = "I4" id = "114" time = "0" />
			<next state = "I5" id = "115" time = "0" />
			<next state = "I6" id = "116" time = "0" />
			<next state = "SYMBOL1" id = "103" time = "0" />
			<next state = "SYMBOL2" id = "104" time = "0" />
			
			<next state = "BLANK" id = "201" time = "0" />
			<next state = "HANGING" id = "202" time = "0" />
			<next state = "LIGHT" id = "301" time = "0" />
			<next state = "Z" id = "401" time = "0" />
			
			<next state = "GRASS" id = "501" time = "0" />
			<next state = "HISC" id = "601" time = "0" />
			<next state = "HERC" id = "701" time = "0" />
		</frame>
		<frame id = "11" x = "0" y = "20" w = "20" h = "20" time = "5" state = "BURNING">
			<next state = "DEFAULT" id = "1" />
			<next state = "BURNING" id = "12" />
		</frame>
		<frame id = "12" x = "0" y = "40" w = "20" h = "20" time = "5" state = "BURNING">
			<next state = "DEFAULT" id = "1" />
			<next state = "BURNING" id = "13" />
		</frame>
		<frame id = "13" x = "0" y = "60" w = "20" h = "20" time = "5" state = "BURNING">
			<next state = "DEFAULT" id = "1" />
			<next state = "BURNING" id = "14" />
		</frame>
		<frame id = "14" x = "0" y = "80" w = "20" h = "20" time = "5" state = "BURNING">
			<next state = "DEFAULT" id = "1" />
			<next state = "BURNING" id = "11" />
		</frame>
		
		<frame id = "101" x = "0" y = "100" w = "320" h = "20" time = "5" state = "INSTRUCTION1">
			<next state = "DEFAULT" id = "101" />
		</frame>
		<frame id = "102" x = "0" y = "100" w = "320" h = "20" dx = "-280" dy = "0" time = "5" state = "INSTRUCTION2">
			<next state = "DEFAULT" id = "102" />
		</frame>
		<frame id = "111" x = "0" y = "100" w = "40" h = "20" time = "5" state = "I1">
			<next state = "DEFAULT" id = "111" />
		</frame>
		<frame id = "112" x = "40" y = "100" w = "40" h = "20" time = "5" state = "I2">
			<next state = "DEFAULT" id = "112" />
		</frame>
		<frame id = "113" x = "80" y = "100" w = "40" h = "20" time = "5" state = "I3">
			<next state = "DEFAULT" id = "113" />
		</frame>
		<frame id = "114" x = "120" y = "100" w = "40" h = "20" time = "5" state = "I4">
			<next state = "DEFAULT" id = "114" />
		</frame>
		<frame id = "115" x = "160" y = "100" w = "60" h = "20" time = "5" state = "I5">
			<next state = "DEFAULT" id = "115" />
		</frame>
		<frame id = "116" x = "280" y = "100" w = "40" h = "20" time = "5" state = "I6">
			<next state = "DEFAULT" id = "116" />
		</frame>
		
		<frame id = "103" x = "0" y = "120" w = "40" h = "40" dx = "-10" dy = "-10" time = "5" state = "SYMBOL1">
			<next state = "DEFAULT" id = "103" />
		</frame>
		<frame id = "104" x = "0" y = "160" w = "40" h = "80" dx = "-10" dy = "-40" time = "5" state = "SYMBOL2">
			<next state = "DEFAULT" id = "104" />
		</frame>
		<frame id = "201" x = "0" y = "0" w = "1" h = "1" time = "5" state = "BLANK">
			<next state = "DEFAULT" id = "201" />
			<next state = "HANGING" id = "202" time = "0" />
			<next state = "LIGHT" id = "301" time = "0" />
		</frame>
		<frame id = "202" x = "40" y = "120" w = "20" h = "40" dx = "-5" dy = "-10" time = "5" state = "HANGING">
			<next state = "HANGING" id = "202" />
			<next state = "BLANK" id = "201" time = "0"/>
		</frame>
		<frame id = "301" x = "0" y = "0" w = "1" h = "1" time = "5" state = "LIGHT">
			<next state = "DEFAULT" id = "301" />
			<next state = "LIGHT" id = "301" />
		</frame>
		<frame id = "401" x = "60" y = "120" w = "20" h = "20" time = "5" state = "Z">
			<next state = "DEFAULT" id = "401" />
			<next state = "Z" id = "401" />
		</frame>
		<frame id = "501" x = "300" y = "20" w = "20" h = "20" dx = "0" dy = "-20" time = "5" state = "GRASS">
			<next state = "DEFAULT" id = "501" />
			<next state = "GRASS" id = "501" />
		</frame>
		<frame id = "601" x = "300" y = "60" w = "20" h = "20" time = "5" state = "HISC">
			<next state = "DEFAULT" id = "601" />
			<next state = "HISC" id = "601" />
			<next state = "BLANK" id = "201" time = "0"/>
		</frame>
		<frame id = "701" x = "300" y = "40" w = "20" h = "20" time = "5" state = "HERC">
			<next state = "DEFAULT" id = "701" />
			<next state = "HERC" id = "701" />
			<next state = "BLANK" id = "201" time = "0"/>
		</frame>
	</sprite>
	<sprite name = "spike" file = "spikes_01.png spikes_02.png spikes_03.png spikes_04.png">
		<frame id = "1" x = "0" y = "0" w = "20" h = "20" time = "1">
			<next state = "DEFAULT" id = "1" />
			<next state = "BLOOD" id = "11" time="0"/>
		</frame>
		<frame id = "11" x = "0" y = "20" w = "20" h = "20" time = "5">
			<next state = "DEFAULT" id = "1" />
			<next state = "BLOOD" id = "12" />
		</frame>
		<frame id = "12" x = "0" y = "40" w = "20" h = "20" time = "5">
			<next state = "DEFAULT" id = "1" />
			<next state = "BLOOD" id = "13" />
		</frame>
		<frame id = "13" x = "0" y = "60" w = "20" h = "20" time = "5">
			<next state = "DEFAULT" id = "1" />
			<next state = "BLOOD" id = "14" />
		</frame>
		<frame id = "14" x = "0" y = "80" w = "20" h = "20" time = "5">
			<next state = "DEFAULT" id = "1" />
			<next state = "BLOOD" id = "15" />
		</frame>
		<frame id = "15" x = "0" y = "100" w = "20" h = "20" time = "5">
			<next state = "DEFAULT" id = "1" />
			<next state = "BLOOD" id = "15" />
		</frame>
	</sprite>
	<sprite name = "switch" file = "switch02.png">
		<frame id = "1" x = "0" y = "0" w = "20" h = "20" time = "5">
			<next state = "DEFAULT" id = "1" />
			<next state = "DOWN" id = "11" time="0" sound = "switch01.wav"/>
		</frame>
		<frame id = "11" x = "0" y = "20" w = "20" h = "20" time = "10">
			<next state = "UP" id = "1" sound = "switch01.wav"/>
			<next state = "DOWN" id = "11" />
		</frame>
	</sprite>
	<sprite name = "door" file = "door01.png">
		<frame id = "1" x = "0" y = "0" w = "20" h = "60" hx = "0" hy = "0" hw = "20" hh = "60" time = "5">
			<next state = "DEFAULT" id = "1" />
			<next state = "UP" id = "1"/>
			<next state = "DOWN" id = "2"/>
		</frame>
		<frame id = "2" x = "0" y = "0" w = "20" h = "60" hx = "0" hy = "0" hw = "20" hh = "54" time = "5">
			<next state = "DEFAULT" id = "1" />
			<next state = "UP" id = "1"/>
			<next state = "DOWN" id = "3"/>
		</frame>
		<frame id = "3" x = "0" y = "60" w = "20" h = "60" hx = "0" hy = "0" hw = "20" hh = "48" time = "5">
			<next state = "DEFAULT" id = "1" />
			<next state = "UP" id = "2"/>
			<next state = "DOWN" id = "4"/>
		</frame>
		<frame id = "4" x = "0" y = "120" w = "20" h = "60" hx = "0" hy = "0" hw = "20" hh = "42" time = "5">
			<next state = "DEFAULT" id = "1" />
			<next state = "UP" id = "3"/>
			<next state = "DOWN" id = "5"/>
		</frame>
		<frame id = "5" x = "0" y = "180" w = "20" h = "60" hx = "0" hy = "0" hw = "20" hh = "36" time = "5">
			<next state = "DEFAULT" id = "1" />
			<next state = "UP" id = "4"/>
			<next state = "DOWN" id = "6"/>
		</frame>
		<frame id = "6" x = "0" y = "240" w = "20" h = "60" hx = "0" hy = "0" hw = "20" hh = "30" time = "5">
			<next state = "DEFAULT" id = "1" />
			<next state = "UP" id = "5"/>
			<next state = "DOWN" id = "7"/>
		</frame>
        <frame id = "7" x = "0" y = "300" w = "20" h = "60" hx = "0" hy = "0" hw = "20" hh = "24" time = "5">
			<next state = "DEFAULT" id = "1" />
			<next state = "UP" id = "6"/>
			<next state = "DOWN" id = "8"/>
		</frame>
		<frame id = "8" x = "0" y = "360" w = "20" h = "60" hx = "0" hy = "0" hw = "20" hh = "20" time = "5">
			<next state = "DEFAULT" id = "1" />
			<next state = "UP" id = "7" time = "0"/>
			<next state = "DOWN" id = "8"/>
		</frame>
	</sprite>
</tiles>
