<characters>
	<sprite name="woman" file="woman_01.png">
		<frame id = "0" x = "0" y = "0" w = "20" h = "40" time = "0" state = "STAND">
			<data velx = "0" vely = "0" />
			<next state="DEFAULT" id = "1"></next>
			<next state="FALLING" id = "301"></next>
		</frame>
		<frame id = "1" x = "0" y = "0" w = "20" h = "40" time = "1" state = "STAND">
			<data velx = "0" vely = "0" />
			<next state="DEFAULT" id = "1"></next>
			<next state="WALK" id = "101" time = "0"></next>
			<next state="JUMP" id = "201" time = "0"></next>
			<next state="FALLING" id = "301" time = "0"></next>
		</frame>
		
		
		<frame id = "100" x = "0" y = "0" w = "20" h = "40" time = "4" state = "WALK">
			<data velx = "1" vely = "0" />
			<next state="DEFAULT" id = "101"></next>
			<next state="STAND" id = "0"></next>
			<next state="JUMP" id = "0"></next>
			<next state="FALLING" id = "301" time = "0"></next>
		</frame>
		<frame id = "101" x = "0" y = "40" w = "20" h = "40" time = "4" state = "WALK">
			<data velx = "1" vely = "0" />
			<next state="DEFAULT" id = "102"></next>
			<next state="STAND" id = "0"></next>
			<next state="JUMP" id = "0"></next>
			<next state="FALLING" id = "301" time = "0"></next>
		</frame>
		<frame id = "102" x = "0" y = "80" w = "20" h = "40" time = "4" state = "WALK">
			<data velx = "1" vely = "0" />
			<next state="DEFAULT" id = "103"></next>
			<next state="STAND" id = "0"></next>
			<next state="JUMP" id = "0"></next>
			<next state="FALLING" id = "301" time = "0"></next>
		</frame>
		<frame id = "103" x = "0" y = "120" w = "20" h = "40" time = "4" state = "WALK">
			<data velx = "1" vely = "0" />
			<next state="DEFAULT" id = "104"></next>
			<next state="STAND" id = "0"></next>
			<next state="JUMP" id = "0"></next>
			<next state="FALLING" id = "301" time = "0"></next>
		</frame>
		<frame id = "104" x = "0" y = "160" w = "20" h = "40" time = "4" state = "WALK">
			<data velx = "1" vely = "0" />
			<next state="DEFAULT" id = "105"></next>
			<next state="STAND" id = "0"></next>
			<next state="JUMP" id = "0"></next>
			<next state="FALLING" id = "301" time = "0"></next>
		</frame>
		<frame id = "105" x = "0" y = "200" w = "20" h = "40" time = "4" state = "WALK">
			<data velx = "1" vely = "0" />
			<next state="WALK" id = "100"></next>
			<next state="STAND" id = "0"></next>
			<next state="JUMP" id = "0"></next>
			<next state="FALLING" id = "301" time = "0"></next>
			<next state="DEFAULT" id = "1"></next>
			
		</frame>
		
		<frame id = "201" x = "20" y = "0" w = "20" h = "40" time = "2" state = "JUMP">
			<data velx = "2" vely = "-10" />
			<next state="DEFAULT" id = "202"></next>
		</frame>
		<frame id = "202" x = "20" y = "40" w = "20" h = "40" time = "2" state = "JUMP">
			<data velx = "3" vely = "-8" />
			<next state="DEFAULT" id = "203"></next>
		</frame>
		<frame id = "203" x = "20" y = "80" w = "20" h = "40" time = "1" state = "JUMP">
			<data velx = "4" vely = "-5" />
			<next state="DEFAULT" id = "204"></next>
		</frame>
		<frame id = "204" x = "20" y = "80" w = "20" h = "40" time = "1" state = "JUMP">
			<data velx = "4" vely = "-3" />
			<next state="DEFAULT" id = "205"></next>
		</frame>
		<frame id = "205" x = "20" y = "80" w = "20" h = "40" time = "1" state = "JUMP">
			<data velx = "4" vely = "0" />
			<next state="DEFAULT" id = "206"></next>
		</frame>
		<frame id = "206" x = "20" y = "80" w = "20" h = "40" time = "2" state = "JUMP">
			<data velx = "4" vely = "5" />
			<next state="DEFAULT" id = "210"></next>
			<next state="STAND" id = "251" time = "0"></next>
		</frame>
		<frame id = "210" x = "20" y = "80" w = "20" h = "40" time = "1" state = "JUMP">
			<data velx = "4" vely = "10" />
			<next state="DEFAULT" id = "210"></next>
			<next state="STAND" id = "251" time = "0"></next>
		</frame>
		<frame id = "251" x = "20" y = "120" w = "20" h = "40" time = "1" state = "LAND">
			<data velx = "4" vely = "0" />
			<next state="DEFAULT" id = "252"></next>
		</frame>
		<frame id = "252" x = "20" y = "160" w = "20" h = "40" time = "1" state = "LAND">
			<data velx = "4" vely = "0" />
			<next state="DEFAULT" id = "1"></next>
		</frame>
		
		
		<frame id = "301" x = "20" y = "80" w = "20" h = "40" time = "2" state = "FALLING">
			<data velx = "1" vely = "5" />
			<next state="DEFAULT" id = "1"></next>
			<next state="FALLING" id = "301"></next>
		</frame>
	</sprite>
</characters>